date,tag,team,kind,market,open_ml,close_ml,clv_pts,won,profit_1u,slip_id,slip_odds,slip_result,joint_prob,correlation,line,edge_pct
2026-06-18,me,Philadelphia Phillies,,,n/a,,,,,,,,,
2026-06-18,me,Boston Red Sox,team,,n/a,,,0,-1.000,,,,,
2026-06-18,me,Atlanta Braves,team,,n/a,,,,,,,,,
2026-06-18,me,LA Dodgers,team,Moneyline,-157,,,1,+0.637,SGPx 16 Pick Parlay (+452960) #1,+452960,,,
2026-06-18,me,SD Padres,team,Moneyline,+105,,,1,+1.050,SGPx 16 Pick Parlay (+452960) #1,+452960,,,
2026-06-18,me,Boston Red Sox,team,Moneyline,-131,,,0,-1.000,SGPx 16 Pick Parlay (+452960) #1,+452960,,,
2026-06-18,me,New York Yankees,team,Run Line -1.5,+113,,,1,+1.130,SGPx 16 Pick Parlay (+452960) #1,+452960,,,
2026-06-18,me,CHI Cubs,team,Moneyline,-194,,,1,+0.515,SGPx 16 Pick Parlay (+452960) #1,+452960,,,
2026-06-18,me,Los Angeles Angels,team,Moneyline,+141,,,0,-1.000,SGPx 16 Pick Parlay (+452960) #1,+452960,,,
2026-06-18,me,MIA Marlins,team,Moneyline,,,,1,,2 Pick SGP (+212) #2,+212,,,
2026-06-18,me,Sandy Alcantara,prop,5+ Strikeouts Thrown,,,,1,,2 Pick SGP (+212) #2,+212,,,
2026-06-18,me,Total,total,Over 10.5,,,,0,,2 Pick SGP (+174) #3,+174,,,
2026-06-18,me,Zack Littell,prop,3+ Strikeouts Thrown,,,,0,,2 Pick SGP (+174) #3,+174,,,
2026-06-18,me,Atlanta Braves,team,Moneyline,,,,0,,2 Pick SGP (+152) #4,+152,,,
2026-06-18,me,JR Ritchie,prop,4+ Strikeouts Thrown,,,,1,,2 Pick SGP (+152) #4,+152,,,
2026-06-18,me,PIT Pirates,team,Moneyline,,,,1,,2 Pick SGP (+134) #5,+134,,,
2026-06-18,me,Braxton Ashcraft,prop,5+ Strikeouts Thrown,,,,1,,2 Pick SGP (+134) #5,+134,,,
2026-06-18,me,George Kirby,prop,5+ Strikeouts Thrown,,,,1,,2 Pick SGP (-104) #6,-104,,,
2026-06-18,me,Seattle Mariners,team,Moneyline,,,,0,,2 Pick SGP (-104) #6,-104,,,
2026-06-18,me,New York Mets,team,,n/a,,,1,,,,,,
2026-06-18,me,New York Yankees,team,,n/a,,,0,-1.000,,,,,
2026-06-18,me,Milwaukee Brewers,team,,n/a,,,0,-1.000,,,,,
2026-06-18,me,Seattle Mariners,team,,n/a,,,1,,,,,,
2026-06-18,me,NY Mets,other,,,,,,,2 Pick SGP (+140) #2,+140,,,
2026-06-18,me,6+,other,,,,,,,2 Pick SGP (+140) #2,+140,,,
2026-06-18,me,MIA Marlins,other,,,,,,,2 Pick SGP (+208) #3,+208,,,
2026-06-18,me,5+,other,,,,,,,2 Pick SGP (+208) #3,+208,,,
2026-06-18,me,3+,other,,,,,,,2 Pick SGP (+184) #4,+184,,,
2026-06-18,me,Over 10.5,other,,,,,,,2 Pick SGP (+184) #4,+184,,,
2026-06-18,me,BOS Red Sox,other,,,,,,,2 Pick SGP (+246) #5,+246,,,
2026-06-18,me,4+,other,,,,,,,2 Pick SGP (+246) #5,+246,,,
2026-06-18,me,NY Yankees,other,,,,,,,2 Pick SGP (+188) #6,+188,,,
2026-06-18,me,7+,other,,,,,,,2 Pick SGP (+188) #6,+188,,,
2026-06-18,me,3+,other,,,,,,,2 Pick SGP (-104) #7,-104,,,
2026-06-18,me,ATL Braves,other,,,,,,,2 Pick SGP (-104) #7,-104,,,
2026-06-18,me,6+,other,,,,,,,2 Pick SGP (+160) #8,+160,,,
2026-06-18,me,CLE Guardians,other,,,,,,,2 Pick SGP (+160) #8,+160,,,
2026-06-18,me,PIT Pirates,other,,,,,,,2 Pick SGP (+136) #9,+136,,,
2026-06-18,me,5+,other,,,,,,,2 Pick SGP (+136) #9,+136,,,
2026-06-18,me,SEA Mariners,other,,,,,,,2 Pick SGP (-104) #10,-104,,,
2026-06-18,me,5+,other,,,,,,,2 Pick SGP (-104) #10,-104,,,
2026-06-18,me,LA Dodgers,team,Moneyline,-181,,,1,+0.552,20 Pick Parlay (+1153091) #1,+1153091,,,
2026-06-18,me,CHI Cubs,team,Moneyline,-193,,,1,+0.518,20 Pick Parlay (+1153091) #1,+1153091,,,
2026-06-18,me,New York Mets,team,Moneyline,,,,1,,2 Pick SGP (+140) #2,+140,,,
2026-06-18,me,Nolan McLean,prop,6+ Strikeouts Thrown,,,,1,,2 Pick SGP (+140) #2,+140,,,
2026-06-18,me,MIA Marlins,team,Moneyline,,,,1,,2 Pick SGP (+208) #3,+208,,,
2026-06-18,me,Sandy Alcantara,prop,5+ Strikeouts Thrown,,,,1,,2 Pick SGP (+208) #3,+208,,,
2026-06-18,me,Zack Littell,prop,3+ Strikeouts Thrown,,,,0,,2 Pick SGP (+184) #4,+184,,,
2026-06-18,me,Total,total,Over 10.5,,,,0,,2 Pick SGP (+184) #4,+184,,,
2026-06-18,me,Boston Red Sox,team,Moneyline,,,,0,,2 Pick SGP (+246) #5,+246,,,
2026-06-18,me,Jake Bennett,prop,4+ Strikeouts Thrown,,,,1,,2 Pick SGP (+246) #5,+246,,,
2026-06-18,me,New York Yankees,team,Moneyline,,,,1,,2 Pick SGP (+188) #6,+188,,,
2026-06-18,me,Carlos Rodon,prop,7+ Strikeouts Thrown,,,,1,,2 Pick SGP (+188) #6,+188,,,
2026-06-18,me,JR Ritchie,prop,3+ Strikeouts Thrown,,,,1,,2 Pick SGP (-104) #7,-104,,,
2026-06-18,me,Atlanta Braves,team,Moneyline,,,,0,,2 Pick SGP (-104) #7,-104,,,
2026-06-18,me,Gavin Williams,prop,6+ Strikeouts Thrown,,,,0,,2 Pick SGP (+160) #8,+160,,,
2026-06-18,me,Cleveland Guardians,team,Moneyline,,,,0,,2 Pick SGP (+160) #8,+160,,,
2026-06-18,me,PIT Pirates,team,Moneyline,,,,1,,2 Pick SGP (+136) #9,+136,,,
2026-06-18,me,Braxton Ashcraft,prop,5+ Strikeouts Thrown,,,,1,,2 Pick SGP (+136) #9,+136,,,
2026-06-18,me,Seattle Mariners,team,Moneyline,,,,0,,2 Pick SGP (-104) #10,-104,,,
2026-06-18,me,George Kirby,prop,5+ Strikeouts Thrown,,,,1,,2 Pick SGP (-104) #10,-104,,,
2026-06-18,me,LA Dodgers,team,Moneyline,-181,,,1,+0.552,20 Pick Parlay (+1147994) #1,+1147994,,,
2026-06-18,me,CHI Cubs,team,Moneyline,-193,,,1,+0.518,20 Pick Parlay (+1147994) #1,+1147994,,,
2026-06-18,me,Jake Bennett,prop,4+ Strikeouts Thrown,+130,,,1,+1.300,20 Pick Parlay (+1147994) #1,+1147994,,,
2026-06-18,me,New York Mets,team,Moneyline,,,,1,,2 Pick SGP (+138) #2,+138,,,
2026-06-18,me,Nolan McLean,prop,6+ Strikeouts Thrown,,,,1,,2 Pick SGP (+138) #2,+138,,,
2026-06-18,me,MIA Marlins,team,Moneyline,,,,1,,2 Pick SGP (+200) #3,+200,,,
2026-06-18,me,Sandy Alcantara,prop,5+ Strikeouts Thrown,,,,1,,2 Pick SGP (+200) #3,+200,,,
2026-06-18,me,WAS Nationals,team,Moneyline,,,,0,,3 Pick SGP (+345) #4,+345,,,
2026-06-18,me,Zack Littell,prop,3+ Strikeouts Thrown,,,,0,,3 Pick SGP (+345) #4,+345,,,
2026-06-18,me,Total,total,Over 10.5,,,,0,,3 Pick SGP (+345) #4,+345,,,
2026-06-18,me,New York Yankees,team,Moneyline,,,,1,,2 Pick SGP (+188) #5,+188,,,
2026-06-18,me,Carlos Rodon,prop,7+ Strikeouts Thrown,,,,1,,2 Pick SGP (+188) #5,+188,,,
2026-06-18,me,JR Ritchie,prop,3+ Strikeouts Thrown,,,,1,,2 Pick SGP (-104) #6,-104,,,
2026-06-18,me,Atlanta Braves,team,Moneyline,,,,0,,2 Pick SGP (-104) #6,-104,,,
2026-06-18,me,Gavin Williams,prop,6+ Strikeouts Thrown,,,,0,,2 Pick SGP (+164) #7,+164,,,
2026-06-18,me,Milwaukee Brewers,team,Moneyline,,,,1,,2 Pick SGP (+164) #7,+164,,,
2026-06-18,me,PIT Pirates,team,Moneyline,,,,1,,2 Pick SGP (+130) #8,+130,,,
2026-06-18,me,Braxton Ashcraft,prop,5+ Strikeouts Thrown,,,,1,,2 Pick SGP (+130) #8,+130,,,
2026-06-18,me,Seattle Mariners,team,Moneyline,,,,0,,2 Pick SGP (-104) #9,-104,,,
2026-06-18,me,George Kirby,prop,5+ Strikeouts Thrown,,,,1,,2 Pick SGP (-104) #9,-104,,,
2026-06-18,me,LA Dodgers,team,Moneyline,-181,,,,,20 Pick Parlay (+931368) #1,+931368,,,
2026-06-18,me,CHI Cubs,team,Moneyline,-193,,,,,20 Pick Parlay (+931368) #1,+931368,,,
2026-06-18,me,Gavin Williams,prop,6+ Strikeouts Thrown,-234,,,,,20 Pick Parlay (+931368) #1,+931368,,,
2026-06-18,me,MIA Marlins,team,Moneyline,,,,,,2 Pick SGP (+186) #3,+186,,,
2026-06-18,me,Sandy Alcantara,prop,5+ Strikeouts Thrown,,,,,,2 Pick SGP (+186) #3,+186,,,
2026-06-18,me,WAS Nationals,team,Moneyline,,,,,,3 Pick SGP (+350) #4,+350,,,
2026-06-18,me,Zack Littell,prop,3+ Strikeouts Thrown,,,,,,3 Pick SGP (+350) #4,+350,,,
2026-06-18,me,Total,total,Over 10.5,,,,,,3 Pick SGP (+350) #4,+350,,,
2026-06-18,me,JR Ritchie,prop,3+ Strikeouts Thrown,,,,,,2 Pick SGP (-105) #7,-105,,,
2026-06-18,me,Atlanta Braves,team,Moneyline,,,,,,2 Pick SGP (-105) #7,-105,,,
2026-06-18,me,PIT Pirates,team,Moneyline,,,,,,2 Pick SGP (+136) #8,+136,,,
2026-06-18,me,Braxton Ashcraft,prop,5+ Strikeouts Thrown,,,,,,2 Pick SGP (+136) #8,+136,,,
2026-06-18,me,Seattle Mariners,team,Moneyline,,,,1,+0.909,2 Pick SGP (-105) #9,-105,,,
2026-06-18,me,George Kirby,prop,5+ Strikeouts Thrown,,,,,,2 Pick SGP (-105) #9,-105,,,
2026-06-18,me,WAS Nationals,team,Moneyline,,,,1,,2 Pick SGP (-104) #1,-104,,,
2026-06-18,me,Andrew Alvarez,prop,3+ Strikeouts Thrown,,,,1,,2 Pick SGP (-104) #1,-104,,,
2026-06-18,me,CIN Reds,team,Moneyline,,,,1,,2 Pick SGP (+150) #2,+150,,,
2026-06-18,me,Chase Burns,prop,7+ Strikeouts Thrown,,,,1,,2 Pick SGP (+150) #2,+150,,,
2026-06-18,me,St. Louis Cardinals,team,Moneyline,,,,1,,2 Pick SGP (+136) #3,+136,,,
2026-06-18,me,Dustin May,prop,5+ Strikeouts Thrown,,,,1,,2 Pick SGP (+136) #3,+136,,,
2026-06-18,me,CHI Cubs,team,Run Line -1.5,,,,0,,2 Pick SGP (+172) #4,+172,,,
2026-06-18,me,Shota Imanaga,prop,6+ Strikeouts Thrown,,,,0,,2 Pick SGP (+172) #4,+172,,,
2026-06-18,me,Texas Rangers,team,Moneyline,,,,0,,2 Pick SGP (-109) #5,-109,,,
2026-06-18,me,MacKenzie Gore,prop,5+ Strikeouts Thrown,,,,1,,2 Pick SGP (-109) #5,-109,,,
2026-06-18,me,Total,total,Over 9,,,,1,,3 Pick SGP (+144) #6,+144,,,
2026-06-18,me,Kai-Wei Teng,prop,4+ Strikeouts Thrown,,,,1,,3 Pick SGP (+144) #6,+144,,,
2026-06-18,me,Troy Melton,prop,2+ Strikeouts Thrown,,,,0,,3 Pick SGP (+144) #6,+144,,,
2026-06-18,me,Athletics,team,Moneyline,,,,0,,2 Pick SGP (+202) #7,+202,,,
2026-06-18,me,Total,total,Under 10.5,,,,0,,2 Pick SGP (+202) #7,+202,,,
2026-06-18,me,TB Rays,team,Moneyline,,,,0,,2 Pick SGP (+216) #8,+216,,,
2026-06-18,me,Nick Martinez,prop,3+ Strikeouts Thrown,,,,0,,2 Pick SGP (+216) #8,+216,,,
2026-06-18,me,Philadelphia Phillies,team,Run Line -1.5,+101,,,1,+1.010,19 Pick Parlay (+585011) #1,+585011,,,
2026-06-18,me,Los Angeles Angels,team,Moneyline,+109,,,0,-1.000,19 Pick Parlay (+585011) #1,+585011,,,
2026-06-18,me,WAS Nationals,team,Moneyline,,,,1,,2 Pick SGP (-104) #2,-104,,,
2026-06-18,me,Andrew Alvarez,prop,3+ Strikeouts Thrown,,,,1,,2 Pick SGP (-104) #2,-104,,,
2026-06-18,me,CIN Reds,team,Moneyline,,,,1,,2 Pick SGP (+150) #3,+150,,,
2026-06-18,me,Chase Burns,prop,7+ Strikeouts Thrown,,,,1,,2 Pick SGP (+150) #3,+150,,,
2026-06-18,me,St. Louis Cardinals,team,Moneyline,,,,1,,2 Pick SGP (+136) #4,+136,,,
2026-06-18,me,Dustin May,prop,5+ Strikeouts Thrown,,,,1,,2 Pick SGP (+136) #4,+136,,,
2026-06-18,me,CHI Cubs,team,Run Line -1.5,,,,0,,2 Pick SGP (+172) #5,+172,,,
2026-06-18,me,Shota Imanaga,prop,6+ Strikeouts Thrown,,,,0,,2 Pick SGP (+172) #5,+172,,,
2026-06-18,me,Texas Rangers,team,Moneyline,,,,0,,2 Pick SGP (-109) #6,-109,,,
2026-06-18,me,MacKenzie Gore,prop,5+ Strikeouts Thrown,,,,1,,2 Pick SGP (-109) #6,-109,,,
2026-06-18,me,Total,total,Over 9,,,,1,,3 Pick SGP (+144) #7,+144,,,
2026-06-18,me,Kai-Wei Teng,prop,4+ Strikeouts Thrown,,,,1,,3 Pick SGP (+144) #7,+144,,,
2026-06-18,me,Troy Melton,prop,2+ Strikeouts Thrown,,,,0,,3 Pick SGP (+144) #7,+144,,,
2026-06-18,me,Athletics,team,Moneyline,,,,0,,2 Pick SGP (+202) #8,+202,,,
2026-06-18,me,Total,total,Under 10.5,,,,0,,2 Pick SGP (+202) #8,+202,,,
2026-06-18,me,TB Rays,team,Moneyline,,,,0,,2 Pick SGP (+216) #9,+216,,,
2026-06-18,me,Nick Martinez,prop,3+ Strikeouts Thrown,,,,0,,2 Pick SGP (+216) #9,+216,,,
2026-06-18,me,Los Angeles Angels,team,Moneyline,+114,,,0,-1.000,18 Pick Parlay (+406366) #1,+406366,,,
2026-06-18,me,Athletics,team,Moneyline,-122,,,1,+0.820,18 Pick Parlay (+406366) #1,+406366,,,
2026-06-18,me,PHI Phillies Live,team,Moneyline,-209,,,,,18 Pick Parlay (+406366) #1,+406366,,,
2026-06-18,me,WAS Nationals,team,Moneyline,,,,1,,2 Pick SGP (-109) #2,-109,,,
2026-06-18,me,Andrew Alvarez,prop,3+ Strikeouts Thrown,,,,1,,2 Pick SGP (-109) #2,-109,,,
2026-06-18,me,CIN Reds,team,Moneyline,,,,,,2 Pick SGP (+140) #3,+140,,,
2026-06-18,me,Chase Burns,prop,7+ Strikeouts Thrown,,,,1,,2 Pick SGP (+140) #3,+140,,,
2026-06-18,me,St. Louis Cardinals,team,Moneyline,,,,0,-1.000,2 Pick SGP (+122) #4,+122,,,
2026-06-18,me,Dustin May,prop,5+ Strikeouts Thrown,,,,1,,2 Pick SGP (+122) #4,+122,,,
2026-06-18,me,CHI Cubs,team,Run Line -1.5,,,,,,2 Pick SGP (+166) #5,+166,,,
2026-06-18,me,Shota Imanaga,prop,6+ Strikeouts Thrown,,,,,,2 Pick SGP (+166) #5,+166,,,
2026-06-18,me,Texas Rangers,team,Moneyline,,,,0,-1.000,2 Pick SGP (-104) #6,-104,,,
2026-06-18,me,MacKenzie Gore,prop,5+ Strikeouts Thrown,,,,1,,2 Pick SGP (-104) #6,-104,,,
2026-06-18,me,Total,total,Over 9,,,,,,3 Pick SGP (+305) #7,+305,,,
2026-06-18,me,Kai-Wei Teng,prop,4+ Strikeouts Thrown,,,,1,,3 Pick SGP (+305) #7,+305,,,
2026-06-18,me,HOU Astros,team,Moneyline,,,,,,3 Pick SGP (+305) #7,+305,,,
2026-06-18,me,TB Rays,team,Moneyline,,,,,,2 Pick SGP (+230) #8,+230,,,
2026-06-18,me,Nick Martinez,prop,3+ Strikeouts Thrown,,,,,,2 Pick SGP (+230) #8,+230,,,
2026-06-18,me,Philadelphia Phillies,team,Run Line -1.5,+101,,,0,-1.000,19 Pick Parlay (+841567) #1,+841567,,,
2026-06-18,me,Los Angeles Angels,team,Moneyline,+109,,,0,-1.000,19 Pick Parlay (+841567) #1,+841567,,,
2026-06-18,me,WAS Nationals,team,Moneyline,,,,,,2 Pick SGP (-105) #2,-105,,,
2026-06-18,me,Andrew Alvarez,prop,3+ Strikeouts Thrown,,,,,,2 Pick SGP (-105) #2,-105,,,
2026-06-18,me,Texas Rangers,team,Moneyline,,,,0,-1.000,2 Pick SGP (-110) #6,-110,,,
2026-06-18,me,MacKenzie Gore,prop,5+ Strikeouts Thrown,,,,,,2 Pick SGP (-110) #6,-110,,,
2026-06-18,me,Total,total,Over 9,,,,,,3 Pick SGP (+170) #7,+170,,,
2026-06-18,me,Kai-Wei Teng,prop,4+ Strikeouts Thrown,,,,,,3 Pick SGP (+170) #7,+170,,,
2026-06-18,me,Troy Melton,prop,2+ Strikeouts Thrown,,,,,,3 Pick SGP (+170) #7,+170,,,
2026-06-18,me,SD Padres,team,Moneyline,+114,,,,,14 Pick Parlay (+573950) #1,+573950,,,
2026-06-18,me,Seattle Mariners,team,Moneyline,-132,,,1,+0.758,14 Pick Parlay (+573950) #1,+573950,,,
2026-06-18,me,New York Yankees,team,Moneyline,-136,,,0,-1.000,14 Pick Parlay (+573950) #1,+573950,,,
2026-06-18,me,Atlanta Braves,team,Moneyline,+112,,,,,14 Pick Parlay (+573950) #1,+573950,,,
2026-06-18,me,CIN Reds,team,Moneyline,-109,,,,,14 Pick Parlay (+573950) #1,+573950,,,
2026-06-18,me,HOU Astros,team,Moneyline,+100,,,,,14 Pick Parlay (+573950) #1,+573950,,,
2026-06-18,me,LA Dodgers,team,Moneyline,-205,,,,,14 Pick Parlay (+573950) #1,+573950,,,
2026-06-18,me,Milwaukee Brewers,team,Moneyline,+108,,,0,-1.000,14 Pick Parlay (+573950) #1,+573950,,,
2026-06-18,me,St. Louis Cardinals,team,Moneyline,-103,,,0,-1.000,14 Pick Parlay (+573950) #1,+573950,,,
2026-06-18,me,Athletics,team,Moneyline,-199,,,1,+0.503,14 Pick Parlay (+573950) #1,+573950,,,
2026-06-18,me,CHI Cubs,team,Moneyline,+109,,,,,14 Pick Parlay (+573950) #1,+573950,,,
2026-06-18,me,TB Rays,team,Moneyline,-122,,,,,14 Pick Parlay (+573950) #1,+573950,,,
2026-06-18,me,Boston Red Sox,team,Moneyline,-114,,,0,-1.000,14 Pick Parlay (+573950) #1,+573950,,,
2026-06-18,me,MIA Marlins Live,team,Moneyline,-153,,,,,14 Pick Parlay (+573950) #1,+573950,,,
2026-06-18,me,PIT Pirates Live,team,Moneyline,+118,,,,,14 Pick Parlay (+756693) #1,+756693,,,
2026-06-18,me,SD Padres,team,Moneyline,+114,,,,,14 Pick Parlay (+756693) #1,+756693,,,
2026-06-18,me,Seattle Mariners,team,Moneyline,-132,,,1,+0.758,14 Pick Parlay (+756693) #1,+756693,,,
2026-06-18,me,New York Yankees,team,Moneyline,-136,,,0,-1.000,14 Pick Parlay (+756693) #1,+756693,,,
2026-06-18,me,Atlanta Braves,team,Moneyline,+112,,,,,14 Pick Parlay (+756693) #1,+756693,,,
2026-06-18,me,CIN Reds,team,Moneyline,-109,,,,,14 Pick Parlay (+756693) #1,+756693,,,
2026-06-18,me,HOU Astros,team,Moneyline,+100,,,,,14 Pick Parlay (+756693) #1,+756693,,,
2026-06-18,me,LA Dodgers,team,Moneyline,-205,,,,,14 Pick Parlay (+756693) #1,+756693,,,
2026-06-18,me,Milwaukee Brewers,team,Moneyline,+108,,,0,-1.000,14 Pick Parlay (+756693) #1,+756693,,,
2026-06-18,me,St. Louis Cardinals,team,Moneyline,-103,,,0,-1.000,14 Pick Parlay (+756693) #1,+756693,,,
2026-06-18,me,Athletics,team,Moneyline,-199,,,1,+0.503,14 Pick Parlay (+756693) #1,+756693,,,
2026-06-18,me,CHI Cubs,team,Moneyline,+109,,,,,14 Pick Parlay (+756693) #1,+756693,,,
2026-06-18,me,TB Rays,team,Moneyline,-122,,,,,14 Pick Parlay (+756693) #1,+756693,,,
2026-06-18,me,Boston Red Sox,team,Moneyline,-114,,,0,-1.000,14 Pick Parlay (+756693) #1,+756693,,,
2026-06-18,me,MIA Marlins,team,Moneyline,+135,,,,,15 Pick Parlay (+4944213) #1,+4944213,,,
2026-06-18,me,SD Padres,team,Moneyline,+114,,,,,15 Pick Parlay (+4944213) #1,+4944213,,,
2026-06-18,me,Seattle Mariners,team,Moneyline,-136,,,1,+0.735,15 Pick Parlay (+4944213) #1,+4944213,,,
2026-06-18,me,New York Yankees,team,Moneyline,-130,,,0,-1.000,15 Pick Parlay (+4944213) #1,+4944213,,,
2026-06-18,me,Atlanta Braves,team,Moneyline,+108,,,,,15 Pick Parlay (+4944213) #1,+4944213,,,
2026-06-18,me,Cleveland Guardians,team,Moneyline,-110,,,1,+0.909,15 Pick Parlay (+4944213) #1,+4944213,,,
2026-06-18,me,CIN Reds,team,Moneyline,-109,,,,,15 Pick Parlay (+4944213) #1,+4944213,,,
2026-06-18,me,Chicago White Sox,team,Moneyline,+168,,,1,+1.680,15 Pick Parlay (+4944213) #1,+4944213,,,
2026-06-18,me,Philadelphia Phillies,team,Moneyline,-131,,,0,-1.000,15 Pick Parlay (+4944213) #1,+4944213,,,
2026-06-18,me,HOU Astros,team,Moneyline,+100,,,,,15 Pick Parlay (+4944213) #1,+4944213,,,
2026-06-18,me,St. Louis Cardinals,team,Moneyline,-103,,,0,-1.000,15 Pick Parlay (+4944213) #1,+4944213,,,
2026-06-18,me,Athletics,team,Moneyline,-199,,,1,+0.503,15 Pick Parlay (+4944213) #1,+4944213,,,
2026-06-18,me,CHI Cubs,team,Moneyline,+113,,,,,15 Pick Parlay (+4944213) #1,+4944213,,,
2026-06-18,me,TB Rays,team,Moneyline,-120,,,,,15 Pick Parlay (+4944213) #1,+4944213,,,
2026-06-18,me,Boston Red Sox,team,Moneyline,-114,,,0,-1.000,15 Pick Parlay (+4944213) #1,+4944213,,,
2026-06-18,me,SD Padres,team,Moneyline,+114,,,,,15 Pick Parlay (+1554678) #1,+1554678,,,
2026-06-18,me,Seattle Mariners,team,Moneyline,-136,,,1,+0.735,15 Pick Parlay (+1554678) #1,+1554678,,,
2026-06-18,me,New York Yankees,team,Moneyline,-130,,,0,-1.000,15 Pick Parlay (+1554678) #1,+1554678,,,
2026-06-18,me,Atlanta Braves,team,Moneyline,+108,,,,,15 Pick Parlay (+1554678) #1,+1554678,,,
2026-06-18,me,Cleveland Guardians,team,Moneyline,-110,,,1,+0.909,15 Pick Parlay (+1554678) #1,+1554678,,,
2026-06-18,me,CIN Reds,team,Moneyline,-109,,,,,15 Pick Parlay (+1554678) #1,+1554678,,,
2026-06-18,me,Chicago White Sox,team,Moneyline,+168,,,1,+1.680,15 Pick Parlay (+1554678) #1,+1554678,,,
2026-06-18,me,Philadelphia Phillies,team,Moneyline,-131,,,0,-1.000,15 Pick Parlay (+1554678) #1,+1554678,,,
2026-06-18,me,HOU Astros,team,Moneyline,+100,,,,,15 Pick Parlay (+1554678) #1,+1554678,,,
2026-06-18,me,Athletics,team,Moneyline,-199,,,1,+0.503,15 Pick Parlay (+1554678) #1,+1554678,,,
2026-06-18,me,CHI Cubs,team,Moneyline,+113,,,,,15 Pick Parlay (+1554678) #1,+1554678,,,
2026-06-18,me,TB Rays,team,Moneyline,-120,,,,,15 Pick Parlay (+1554678) #1,+1554678,,,
2026-06-18,me,Boston Red Sox,team,Moneyline,-114,,,0,-1.000,15 Pick Parlay (+1554678) #1,+1554678,,,
2026-06-18,me,PIT Pirates,team,Moneyline,-164,,,,,15 Pick Parlay (+1554678) #1,+1554678,,,
2026-06-18,me,Minnesota Twins,team,Moneyline,-117,,,1,+0.855,15 Pick Parlay (+1554678) #1,+1554678,,,
2026-06-18,me,SD Padres,team,Moneyline,+114,,,,,15 Pick Parlay (+2269641) #1,+2269641,,,
2026-06-18,me,Seattle Mariners,team,Moneyline,-136,,,1,+0.735,15 Pick Parlay (+2269641) #1,+2269641,,,
2026-06-18,me,New York Yankees,team,Moneyline,-130,,,0,-1.000,15 Pick Parlay (+2269641) #1,+2269641,,,
2026-06-18,me,Atlanta Braves,team,Moneyline,+108,,,,,15 Pick Parlay (+2269641) #1,+2269641,,,
2026-06-18,me,Cleveland Guardians,team,Moneyline,-110,,,1,+0.909,15 Pick Parlay (+2269641) #1,+2269641,,,
2026-06-18,me,CIN Reds,team,Moneyline,-109,,,,,15 Pick Parlay (+2269641) #1,+2269641,,,
2026-06-18,me,Chicago White Sox,team,Moneyline,+168,,,1,+1.680,15 Pick Parlay (+2269641) #1,+2269641,,,
2026-06-18,me,Philadelphia Phillies,team,Moneyline,-131,,,0,-1.000,15 Pick Parlay (+2269641) #1,+2269641,,,
2026-06-18,me,HOU Astros,team,Moneyline,+100,,,,,15 Pick Parlay (+2269641) #1,+2269641,,,
2026-06-18,me,Athletics,team,Moneyline,-199,,,1,+0.503,15 Pick Parlay (+2269641) #1,+2269641,,,
2026-06-18,me,CHI Cubs,team,Moneyline,+113,,,,,15 Pick Parlay (+2269641) #1,+2269641,,,
2026-06-18,me,TB Rays,team,Moneyline,-120,,,,,15 Pick Parlay (+2269641) #1,+2269641,,,
2026-06-18,me,Boston Red Sox,team,Moneyline,-114,,,0,-1.000,15 Pick Parlay (+2269641) #1,+2269641,,,
2026-06-18,me,Minnesota Twins,team,Moneyline,-117,,,1,+0.855,15 Pick Parlay (+2269641) #1,+2269641,,,
2026-06-18,me,MIA Marlins,team,Moneyline,+135,,,,,15 Pick Parlay (+2269641) #1,+2269641,,,
2026-06-18,me,New York Mets,team,Moneyline,,,,1,+0.909,2 Pick SGP (+140) #1,+140,,,
2026-06-18,me,6+ Strikeouts Thrown,other,,,,,,,2 Pick SGP (+140) #1,+140,,,
2026-06-18,me,MIA Marlins,team,Moneyline,,,,,,2 Pick SGP (+208) #2,+208,,,
2026-06-18,me,5+ Strikeouts Thrown,other,,,,,,,2 Pick SGP (+208) #2,+208,,,
2026-06-18,me,3+ Strikeouts Thrown,other,,,,,,,2 Pick SGP (+184) #3,+184,,,
2026-06-18,me,Total,total,Over 10.5,,,,,,2 Pick SGP (+184) #3,+184,,,
2026-06-18,me,Boston Red Sox,team,Moneyline,,,,0,-1.000,2 Pick SGP (+246) #4,+246,,,
2026-06-18,me,4+ Strikeouts Thrown,other,,,,,,,2 Pick SGP (+246) #4,+246,,,
2026-06-18,me,7+ Strikeouts Thrown,other,,,,,,,2 Pick SGP (+188) #5,+188,,,
2026-06-18,me,3+ Strikeouts Thrown,other,,,,,,,2 Pick SGP (-104) #6,-104,,,
2026-06-18,me,6+ Strikeouts Thrown,other,,,,,,,2 Pick SGP (+160) #7,+160,,,
2026-06-18,me,Cleveland Guardians,team,Moneyline,,,,1,+0.909,2 Pick SGP (+160) #7,+160,,,
2026-06-18,me,5+ Strikeouts Thrown,other,,,,,,,2 Pick SGP (+136) #8,+136,,,
2026-06-18,me,5+ Strikeouts Thrown,other,,,,,,,2 Pick SGP (-104) #9,-104,,,
2026-06-18,me,Jake Bennett 4+ Strikeouts Thrown,other,,+130,,,1,+1.300,20 Pick Parlay (+1147994) #1,+1147994,,,
2026-06-18,me,Nolan McLean 6+ Strikeouts Thrown,other,,,,,1,,2 Pick SGP (+138) #2,+138,,,
2026-06-18,me,Sandy Alcantara 5+ Strikeouts Thrown,other,,,,,1,,2 Pick SGP (+200) #3,+200,,,
2026-06-18,me,Zack Littell 3+ Strikeouts Thrown,other,,,,,0,,3 Pick SGP (+345) #4,+345,,,
2026-06-18,me,Carlos Rodon 7+ Strikeouts Thrown,other,,,,,1,,2 Pick SGP (+188) #5,+188,,,
2026-06-18,me,JR Ritchie 3+ Strikeouts Thrown,other,,,,,1,,2 Pick SGP (-104) #6,-104,,,
2026-06-18,me,Gavin Williams 6+ Strikeouts Thrown,other,,,,,0,,2 Pick SGP (+164) #7,+164,,,
2026-06-18,me,Braxton Ashcraft 5+ Strikeouts Thrown,other,,,,,1,,2 Pick SGP (+130) #8,+130,,,
2026-06-18,me,George Kirby 5+ Strikeouts Thrown,other,,,,,1,,2 Pick SGP (-104) #9,-104,,,
2026-06-18,me,LA Dodgers,team,Moneyline,-157,,,1,+0.637,16 Pick Parlay (+452960) #1,+452960,,,
2026-06-18,me,SD Padres,team,Moneyline,+105,,,1,+1.050,16 Pick Parlay (+452960) #1,+452960,,,
2026-06-18,me,Boston Red Sox,team,Moneyline,-131,,,0,-1.000,16 Pick Parlay (+452960) #1,+452960,,,
2026-06-18,me,New York Yankees,team,Run Line -1.5,+113,,,1,+1.130,16 Pick Parlay (+452960) #1,+452960,,,
2026-06-18,me,CHI Cubs,team,Moneyline,-194,,,1,+0.515,16 Pick Parlay (+452960) #1,+452960,,,
2026-06-18,me,Los Angeles Angels,team,Moneyline,+141,,,0,-1.000,16 Pick Parlay (+452960) #1,+452960,,,
2026-06-18,me,Sandy Alcantara 5+ Strikeouts Thrown,other,,,,,1,,2 Pick SGP (+212) #2,+212,,,
2026-06-18,me,Zack Littell 3+ Strikeouts Thrown,other,,,,,0,,2 Pick SGP (+174) #3,+174,,,
2026-06-18,me,JR Ritchie 4+ Strikeouts Thrown,other,,,,,1,,2 Pick SGP (+152) #4,+152,,,
2026-06-18,me,Braxton Ashcraft 5+ Strikeouts Thrown,other,,,,,1,,2 Pick SGP (+134) #5,+134,,,
2026-06-18,me,George Kirby 5+ Strikeouts Thrown,other,,,,,1,,2 Pick SGP (-105) #6,-105,,,
2026-06-18,me,Seattle Mariners,team,Moneyline,,,,0,,2 Pick SGP (-105) #6,-105,,,
2026-06-18,me,Gavin Williams 6+ Strikeouts Thrown,other,,-234,,,,,20 Pick Parlay (+931368) #1,+931368,,,
2026-06-18,me,Nolan McLean 6+ Strikeouts Thrown,other,,,,,,,2 Pick SGP (+140) #2,+140,,,
2026-06-18,me,Sandy Alcantara 5+ Strikeouts Thrown,other,,,,,,,2 Pick SGP (+186) #3,+186,,,
2026-06-18,me,Zack Littell 3+ Strikeouts Thrown,other,,,,,,,3 Pick SGP (+350) #4,+350,,,
2026-06-18,me,Jake Bennett 4+ Strikeouts Thrown,other,,,,,,,2 Pick SGP (+246) #5,+246,,,
2026-06-18,me,Carlos Rodon 7+ Strikeouts Thrown,other,,,,,,,2 Pick SGP (+188) #6,+188,,,
2026-06-18,me,JR Ritchie 3+ Strikeouts Thrown,other,,,,,,,2 Pick SGP (-105) #7,-105,,,
2026-06-18,me,Braxton Ashcraft 5+ Strikeouts Thrown,other,,,,,,,2 Pick SGP (+136) #8,+136,,,
2026-06-18,me,George Kirby 5+ Strikeouts Thrown,other,,,,,,,2 Pick SGP (-105) #9,-105,,,
2026-06-18,me,St. Louis Cardinals,team,Moneyline,-120,,,0,-1.000,17 Pick Parlay (+2790712) #1,+2790712,,,
2026-06-18,me,Philadelphia Phillies,team,Moneyline,-180,,,0,-1.000,17 Pick Parlay (+2790712) #1,+2790712,,,
2026-06-18,me,WAS Nationals,team,Moneyline,-143,,,,,17 Pick Parlay (+2790712) #1,+2790712,,,
2026-06-18,me,Atlanta Braves,team,Run Line -1.5,+119,,,,,17 Pick Parlay (+2790712) #1,+2790712,,,
2026-06-18,me,Total,total,Over 9.5,-111,,,,,17 Pick Parlay (+2790712) #1,+2790712,,,
2026-06-18,me,Total,total,Over 10,-104,,,,,17 Pick Parlay (+2790712) #1,+2790712,,,
2026-06-18,me,HOU Astros,team,Moneyline,-171,,,,,17 Pick Parlay (+2790712) #1,+2790712,,,
2026-06-18,me,Texas Rangers,team,Moneyline,-132,,,0,-1.000,17 Pick Parlay (+2790712) #1,+2790712,,,
2026-06-18,me,TB Rays,team,Moneyline,+130,,,,,17 Pick Parlay (+2790712) #1,+2790712,,,
2026-06-18,me,Cleveland Guardians,team,Moneyline,+129,,,1,+1.290,17 Pick Parlay (+2790712) #1,+2790712,,,
2026-06-18,me,Total,total,Under 8,-114,,,,,17 Pick Parlay (+2790712) #1,+2790712,,,
2026-06-18,me,Los Angeles Angels,team,Moneyline,,,,0,-1.000,2 Pick SGP (+262) #2,+262,,,
2026-06-18,me,Reid Detmers 6+ Strikeouts Thrown,other,,,,,,,2 Pick SGP (+262) #2,+262,,,
2026-06-18,me,Mitch Keller 4+ Strikeouts Thrown,other,,,,,,,2 Pick SGP (+170) #3,+170,,,
2026-06-18,me,Total,total,Over 10.5,,,,,,2 Pick SGP (+170) #3,+170,,,
2026-06-18,me,Baltimore Orioles,team,Moneyline,,,,0,-1.000,2 Pick SGP (+162) #4,+162,,,
2026-06-18,me,Logan Gilbert 5+ Strikeouts Thrown,other,,,,,,,2 Pick SGP (+162) #4,+162,,,
2026-06-18,me,Philadelphia Phillies Run Line -1.5,other,,+101,,,1,+1.010,19 Pick Parlay (+585011) #1,+585011,,,
2026-06-18,me,Andrew Alvarez 3+ Strikeouts Thrown,other,,,,,1,,2 Pick SGP (-104) #2,-104,,,
2026-06-18,me,Chase Burns 7+ Strikeouts Thrown,other,,,,,1,,2 Pick SGP (+150) #3,+150,,,
2026-06-18,me,Dustin May 5+ Strikeouts Thrown,other,,,,,1,,2 Pick SGP (+136) #4,+136,,,
2026-06-18,me,CHI Cubs Run Line -1.5,other,,,,,0,,2 Pick SGP (+172) #5,+172,,,
2026-06-18,me,Shota Imanaga 6+ Strikeouts Thrown,other,,,,,0,,2 Pick SGP (+172) #5,+172,,,
2026-06-18,me,MacKenzie Gore 5+ Strikeouts Thrown,other,,,,,1,,2 Pick SGP (-109) #6,-109,,,
2026-06-18,me,Kai-Wei Teng 4+ Strikeouts Thrown,other,,,,,1,,3 Pick SGP (+144) #7,+144,,,
2026-06-18,me,Troy Melton 2+ Strikeouts Thrown,other,,,,,0,,3 Pick SGP (+144) #7,+144,,,
2026-06-18,me,Nick Martinez 3+ Strikeouts Thrown,other,,,,,0,,2 Pick SGP (+216) #9,+216,,,
2026-06-18,me,Total Over 9,other,,,,,1,,3 Pick SGP (+144) #7,+144,,,
2026-06-18,me,Total Under 10.5,other,,,,,0,,2 Pick SGP (+202) #8,+202,,,
2026-06-18,me,Noah Cameron,prop,3+ Strikeouts Thrown,-575,,,,,16 Pick Parlay (+52371) #1,+52371,,,
2026-06-18,me,Milwaukee Brewers,team,Moneyline,,,,0,-1.000,2 Pick SGP (+126) #2,+126,,,
2026-06-18,me,Shane Drohan,prop,5+ Strikeouts Thrown,,,,,,2 Pick SGP (+126) #2,+126,,,
2026-06-18,me,Minnesota Twins,team,Moneyline,,,,1,+0.909,2 Pick SGP (+124) #3,+124,,,
2026-06-18,me,Joe Ryan,prop,6+ Strikeouts Thrown,,,,,,2 Pick SGP (+124) #3,+124,,,
2026-06-18,me,Seattle Mariners,team,Moneyline,,,,1,+0.909,2 Pick SGP (-115) #4,-115,,,
2026-06-18,me,Bryan Woo,prop,5+ Strikeouts Thrown,,,,,,2 Pick SGP (-115) #4,-115,,,
2026-06-18,me,New York Mets,team,Moneyline,,,,1,+0.909,3 Pick SGP (+395) #5,+395,,,
2026-06-18,me,Total,total,Over 9.5,,,,,,3 Pick SGP (+395) #5,+395,,,
2026-06-18,me,Aaron Nola,prop,4+ Strikeouts Thrown,,,,,,3 Pick SGP (+395) #5,+395,,,
2026-06-18,me,New York Yankees,team,Moneyline,,,,0,-1.000,2 Pick SGP (-130) #6,-130,,,
2026-06-18,me,Ryan Weathers,prop,4+ Strikeouts Thrown,,,,,,2 Pick SGP (-130) #6,-130,,,
2026-06-18,me,Atlanta Braves,team,Moneyline,,,,,,2 Pick SGP (+122) #7,+122,,,
2026-06-18,me,Martin Perez,prop,4+ Strikeouts Thrown,,,,,,2 Pick SGP (+122) #7,+122,,,
2026-06-18,me,Gage Jump,prop,4+ Strikeouts Thrown,,,,,,2 Pick SGP (-115) #8,-115,,,
2026-06-18,me,Athletics,team,Moneyline,,,,1,+0.909,2 Pick SGP (-115) #8,-115,,,
2026-06-18,me,Boston Red Sox,team,Moneyline,-136,,,0,-1.000,18 Pick Parlay (+119294) #1,+119294,,,
2026-06-18,me,Noah Cameron,prop,3+ Strikeouts Thrown,,,,,,2 Pick SGP (+100) #8,+100,,,
2026-06-18,me,Kansas City Royals,team,Moneyline,,,,1,+0.909,2 Pick SGP (+100) #8,+100,,,
2026-06-18,me,Gage Jump,prop,4+ Strikeouts Thrown,,,,,,2 Pick SGP (-115) #9,-115,,,
2026-06-18,me,Athletics,team,Moneyline,,,,1,+0.909,2 Pick SGP (-115) #9,-115,,,
2026-06-18,me,Noah Cameron 3+ Strikeouts Thrown,other,,-610,,,1,+0.164,10 Pick Parlay (+2922) #1,+2922,,,
2026-06-18,me,Seattle Mariners,team,Moneyline,,,,1,,2 Pick SGP (-109) #2,-109,,,
2026-06-18,me,Bryan Woo 5+ Strikeouts Thrown,other,,,,,1,,2 Pick SGP (-109) #2,-109,,,
2026-06-18,me,New York Mets,team,Moneyline,,,,1,,3 Pick SGP (+375) #3,+375,,,
2026-06-18,me,Total,total,Over 9.5,,,,1,,3 Pick SGP (+375) #3,+375,,,
2026-06-18,me,Aaron Nola 4+ Strikeouts Thrown,other,,,,,1,,3 Pick SGP (+375) #3,+375,,,
2026-06-18,me,New York Yankees,team,Moneyline,,,,0,,2 Pick SGP (-154) #4,-154,,,
2026-06-18,me,Ryan Weathers 4+ Strikeouts Thrown,other,,,,,1,,2 Pick SGP (-154) #4,-154,,,
2026-06-18,me,Gage Jump 4+ Strikeouts Thrown,other,,,,,1,,2 Pick SGP (-134) #5,-134,,,
2026-06-18,me,Athletics,team,Moneyline,,,,1,+0.909,2 Pick SGP (-134) #5,-134,,,
2026-06-18,me,Gage Jump 4+ Strikeouts Thrown,other,,,,,,,2 Pick SGP (-135) #5,-135,,,
2026-06-18,me,Athletics,team,Moneyline,,,,1,+0.909,2 Pick SGP (-135) #5,-135,,,
2026-06-18,me,NY Yankees Run Line -1.5,other,,+113,,,1,+1.130,16 Pick Parlay (+452960) #1,+452960,,,
2026-06-18,me,Total Over 9.5,other,,,,,1,,3 Pick SGP (+375) #3,+375,,,
2026-06-18,me,PHI Phillies Run Line -1.5,other,,+101,,,1,+1.010,19 Pick Parlay (+585011) #1,+585011,,,
2026-06-18,me,Philadelphia Phillies Run Line -1.5,other,,+101,,,1,+1.010,19 Pick Parlay (+841567) #1,+841567,,,
2026-06-18,me,Andrew Alvarez 3+ Strikeouts Thrown,other,,,,,,,2 Pick SGP (-105) #2,-105,,,
2026-06-18,me,MacKenzie Gore 5+ Strikeouts Thrown,other,,,,,,,2 Pick SGP (-110) #6,-110,,,
2026-06-18,me,Total Over 9,other,,,,,,,3 Pick SGP (+170) #7,+170,,,
2026-06-18,me,Kai-Wei Teng 4+ Strikeouts Thrown,other,,,,,,,3 Pick SGP (+170) #7,+170,,,
2026-06-18,me,Troy Melton 2+ Strikeouts Thrown,other,,,,,,,3 Pick SGP (+170) #7,+170,,,
2026-06-18,me,Cincinnati Reds,team,Moneyline,-109,,,,,15 Pick Parlay (+1554678) #1,+1554678,,,
2026-06-18,me,Houston Astros,team,Moneyline,+100,,,,,15 Pick Parlay (+1554678) #1,+1554678,,,
2026-06-18,me,Chicago Cubs,team,Moneyline,+113,,,,,15 Pick Parlay (+1554678) #1,+1554678,,,
2026-06-18,me,Tampa Bay Rays,team,Moneyline,-120,,,,,15 Pick Parlay (+1554678) #1,+1554678,,,
2026-06-18,me,Pittsburgh Pirates,team,Moneyline,-164,,,,,15 Pick Parlay (+1554678) #1,+1554678,,,
2026-06-18,me,MIA Marlins Live,team,Moneyline,-168,,,,,15 Pick Parlay (+897472) #1,+897472,,,
2026-06-18,me,SD Padres,team,Moneyline,+114,,,,,15 Pick Parlay (+897472) #1,+897472,,,
2026-06-18,me,Seattle Mariners,team,Moneyline,-132,,,1,+0.758,15 Pick Parlay (+897472) #1,+897472,,,
2026-06-18,me,New York Yankees,team,Moneyline,-131,,,0,-1.000,15 Pick Parlay (+897472) #1,+897472,,,
2026-06-18,me,Boston Red Sox,team,Moneyline,-114,,,0,-1.000,15 Pick Parlay (+897472) #1,+897472,,,
2026-06-18,me,Cleveland Guardians,team,Moneyline,-110,,,1,+0.909,15 Pick Parlay (+897472) #1,+897472,,,
2026-06-18,me,Atlanta Braves,team,Moneyline,+105,,,,,15 Pick Parlay (+897472) #1,+897472,,,
2026-06-18,me,HOU Astros,team,Moneyline,+100,,,,,15 Pick Parlay (+897472) #1,+897472,,,
2026-06-18,me,LA Dodgers,team,Moneyline,-205,,,,,15 Pick Parlay (+897472) #1,+897472,,,
2026-06-18,me,St. Louis Cardinals,team,Moneyline,-103,,,0,-1.000,15 Pick Parlay (+897472) #1,+897472,,,
2026-06-18,me,Athletics,team,Moneyline,-199,,,1,+0.503,15 Pick Parlay (+897472) #1,+897472,,,
2026-06-18,me,CHI Cubs,team,Moneyline,+113,,,,,15 Pick Parlay (+897472) #1,+897472,,,
2026-06-18,me,TB Rays,team,Moneyline,-122,,,,,15 Pick Parlay (+897472) #1,+897472,,,
2026-06-18,me,Philadelphia Phillies,team,Moneyline,-131,,,0,-1.000,15 Pick Parlay (+897472) #1,+897472,,,
2026-06-18,me,CIN Reds,team,Moneyline,-109,,,,,15 Pick Parlay (+897472) #1,+897472,,,
2026-06-19,me,Detroit Tigers,team,Moneyline,-209,,,1,+0.478,13 Pick Parlay (+138167) #1,+138167,,,
2026-06-19,me,New York Yankees,team,Moneyline,-281,,,1,+0.356,13 Pick Parlay (+138167) #1,+138167,,,
2026-06-19,me,Washington Nationals,team,Moneyline,+123,,,0,-1.000,13 Pick Parlay (+138167) #1,+138167,,,
2026-06-19,me,Milwaukee Brewers,team,Moneyline,-171,,,0,-1.000,13 Pick Parlay (+138167) #1,+138167,,,
2026-06-19,me,St. Louis Cardinals,team,Moneyline,-120,,,0,-1.000,13 Pick Parlay (+138167) #1,+138167,,,
2026-06-19,me,Cleveland Guardians,team,Moneyline,+108,,,0,-1.000,13 Pick Parlay (+138167) #1,+138167,,,
2026-06-19,me,Texas Rangers,team,Moneyline,-163,,,1,+0.613,13 Pick Parlay (+138167) #1,+138167,,,
2026-06-19,me,Pittsburgh Pirates,team,Moneyline,-143,,,0,-1.000,13 Pick Parlay (+138167) #1,+138167,,,
2026-06-19,me,Los Angeles Angels,team,Moneyline,+135,,,0,-1.000,13 Pick Parlay (+138167) #1,+138167,,,
2026-06-19,me,Arizona Diamondbacks,team,Moneyline,-175,,,1,+0.571,13 Pick Parlay (+138167) #1,+138167,,,
2026-06-19,me,Seattle Mariners,team,Moneyline,-112,,,0,-1.000,13 Pick Parlay (+138167) #1,+138167,,,
2026-06-19,me,Los Angeles Dodgers,team,Moneyline,-219,,,1,+0.457,13 Pick Parlay (+138167) #1,+138167,,,
2026-06-19,me,Miami Marlins,team,Moneyline,-120,,,1,+0.833,13 Pick Parlay (+138167) #1,+138167,,,
2026-06-19,me,Toronto Blue Jays,team,Moneyline,-101,,,0,-1.000,13 Pick Parlay (+178729) #1,+178729,,,
2026-06-19,me,Detroit Tigers,team,Moneyline,-204,,,1,+0.490,13 Pick Parlay (+178729) #1,+178729,,,
2026-06-19,me,New York Yankees,team,Moneyline,-281,,,1,+0.356,13 Pick Parlay (+178729) #1,+178729,,,
2026-06-19,me,Miami Marlins,team,Moneyline,-120,,,1,+0.833,13 Pick Parlay (+178729) #1,+178729,,,
2026-06-19,me,Milwaukee Brewers,team,Moneyline,-168,,,0,-1.000,13 Pick Parlay (+178729) #1,+178729,,,
2026-06-19,me,San Diego Padres,team,Moneyline,+135,,,0,-1.000,13 Pick Parlay (+178729) #1,+178729,,,
2026-06-19,me,Cleveland Guardians,team,Moneyline,+104,,,0,-1.000,13 Pick Parlay (+178729) #1,+178729,,,
2026-06-19,me,St. Louis Cardinals,team,Moneyline,-120,,,0,-1.000,13 Pick Parlay (+178729) #1,+178729,,,
2026-06-19,me,Pittsburgh Pirates,team,Moneyline,-143,,,0,-1.000,13 Pick Parlay (+178729) #1,+178729,,,
2026-06-19,me,Los Angeles Angels,team,Moneyline,+135,,,0,-1.000,13 Pick Parlay (+178729) #1,+178729,,,
2026-06-19,me,Arizona Diamondbacks,team,Moneyline,-175,,,1,+0.571,13 Pick Parlay (+178729) #1,+178729,,,
2026-06-19,me,Seattle Mariners,team,Moneyline,-112,,,0,-1.000,13 Pick Parlay (+178729) #1,+178729,,,
2026-06-19,me,Los Angeles Dodgers,team,Moneyline,-219,,,1,+0.457,13 Pick Parlay (+178729) #1,+178729,,,
2026-06-20,me,Chicago White Sox,team,Moneyline,+108,,,0,-1.000,15 Pick Parlay (+825007) #1,+825007,,,
2026-06-20,me,New York Yankees,team,Moneyline,-201,,,0,-1.000,15 Pick Parlay (+825007) #1,+825007,,,
2026-06-20,me,Chicago Cubs,team,Moneyline,-136,,,0,-1.000,15 Pick Parlay (+825007) #1,+825007,,,
2026-06-20,me,Atlanta Braves,team,Moneyline,-132,,,1,+0.758,15 Pick Parlay (+825007) #1,+825007,,,
2026-06-20,me,Miami Marlins,team,Moneyline,-143,,,1,+0.699,15 Pick Parlay (+825007) #1,+825007,,,
2026-06-20,me,Washington Nationals,team,Moneyline,+104,,,1,+1.040,15 Pick Parlay (+825007) #1,+825007,,,
2026-06-20,me,Philadelphia Phillies,team,Moneyline,-194,,,1,+0.515,15 Pick Parlay (+825007) #1,+825007,,,
2026-06-20,me,Houston Astros,team,Moneyline,-144,,,0,-1.000,15 Pick Parlay (+825007) #1,+825007,,,
2026-06-20,me,Athletics,team,Moneyline,-171,,,0,-1.000,15 Pick Parlay (+825007) #1,+825007,,,
2026-06-20,me,Los Angeles Dodgers,team,Moneyline,-248,,,0,-1.000,15 Pick Parlay (+825007) #1,+825007,,,
2026-06-20,me,Seattle Mariners,team,Moneyline,-126,,,0,-1.000,15 Pick Parlay (+825007) #1,+825007,,,
2026-06-20,me,Pittsburgh Pirates,team,Run Line -1.5,-136,,,0,-1.000,15 Pick Parlay (+825007) #1,+825007,,,
2026-06-20,me,Texas Rangers,team,Moneyline,-131,,,0,-1.000,15 Pick Parlay (+825007) #1,+825007,,,
2026-06-20,me,Minnesota Twins,team,Moneyline,,,,1,+0.909,2 Pick SGP (+290) #2,+290,,,
2026-06-20,me,Total,total,Over 9,,,,,,2 Pick SGP (+290) #2,+290,,,
2026-06-20,me,Atlanta Braves,team,Moneyline,-142,,,1,+0.704,11 Pick Parlay (+41385) #1,+41385,,,
2026-06-20,me,Miami Marlins,team,Moneyline,-144,,,1,+0.694,11 Pick Parlay (+41385) #1,+41385,,,
2026-06-20,me,Washington Nationals,team,Moneyline,+108,,,1,+1.080,11 Pick Parlay (+41385) #1,+41385,,,
2026-06-20,me,Philadelphia Phillies,team,Moneyline,-198,,,1,+0.505,11 Pick Parlay (+41385) #1,+41385,,,
2026-06-20,me,Houston Astros,team,Moneyline,-149,,,0,-1.000,11 Pick Parlay (+41385) #1,+41385,,,
2026-06-20,me,Athletics,team,Moneyline,-171,,,0,-1.000,11 Pick Parlay (+41385) #1,+41385,,,
2026-06-20,me,Los Angeles Dodgers,team,Moneyline,-238,,,0,-1.000,11 Pick Parlay (+41385) #1,+41385,,,
2026-06-20,me,Seattle Mariners,team,Moneyline,-126,,,0,-1.000,11 Pick Parlay (+41385) #1,+41385,,,
2026-06-20,me,Pittsburgh Pirates,team,Run Line -1.5,-136,,,0,-1.000,11 Pick Parlay (+41385) #1,+41385,,,
2026-06-20,me,Minnesota Twins,team,Moneyline,,,,1,+0.909,2 Pick SGP (+292) #2,+292,,,
2026-06-20,me,Total,total,Over 9,,,,,,2 Pick SGP (+292) #2,+292,,,
2026-06-20,me,Atlanta Braves,team,Moneyline,-142,,,1,+0.704,12 Pick Parlay (+108181) #1,+108181,,,
2026-06-20,me,Miami Marlins,team,Moneyline,-149,,,1,+0.671,12 Pick Parlay (+108181) #1,+108181,,,
2026-06-20,me,Washington Nationals,team,Moneyline,+108,,,1,+1.080,12 Pick Parlay (+108181) #1,+108181,,,
2026-06-20,me,Philadelphia Phillies,team,Moneyline,-198,,,1,+0.505,12 Pick Parlay (+108181) #1,+108181,,,
2026-06-20,me,Houston Astros,team,Moneyline,-149,,,0,-1.000,12 Pick Parlay (+108181) #1,+108181,,,
2026-06-20,me,Los Angeles Dodgers,team,Moneyline,-238,,,0,-1.000,12 Pick Parlay (+108181) #1,+108181,,,
2026-06-20,me,Seattle Mariners,team,Moneyline,-126,,,0,-1.000,12 Pick Parlay (+108181) #1,+108181,,,
2026-06-20,me,Los Angeles Angels,team,Moneyline,+141,,,1,+1.410,12 Pick Parlay (+108181) #1,+108181,,,
2026-06-20,me,Pittsburgh Pirates,team,Run Line -1.5,,,,0,-1.000,2 Pick SGP (+202) #2,+202,,,
2026-06-20,me,Total,total,Over 10.5,,,,,,2 Pick SGP (+202) #2,+202,,,
2026-06-20,me,Minnesota Twins,team,Moneyline,,,,1,+0.909,2 Pick SGP (+292) #3,+292,,,
2026-06-20,me,Total,total,Over 9,,,,,,2 Pick SGP (+292) #3,+292,,,
2026-06-21,me,Cincinnati Reds,team,Moneyline,-102,,,1,+0.980,14 Pick Parlay (+704092) #1,+704092,,,
2026-06-21,me,Atlanta Braves,team,Moneyline,-119,,,0,-1.000,14 Pick Parlay (+704092) #1,+704092,,,
2026-06-21,me,Tampa Bay Rays,team,Moneyline,-137,,,1,+0.730,14 Pick Parlay (+704092) #1,+704092,,,
2026-06-21,me,Chicago White Sox,team,Moneyline,+101,,,0,-1.000,14 Pick Parlay (+704092) #1,+704092,,,
2026-06-21,me,San Francisco Giants,team,Moneyline,-144,,,0,-1.000,14 Pick Parlay (+704092) #1,+704092,,,
2026-06-21,me,Kansas City Royals,team,Moneyline,+104,,,0,-1.000,14 Pick Parlay (+704092) #1,+704092,,,
2026-06-21,me,Toronto Blue Jays,team,Moneyline,-112,,,,,14 Pick Parlay (+704092) #1,+704092,,,
2026-06-21,me,San Diego Padres,team,Moneyline,+130,,,0,-1.000,14 Pick Parlay (+704092) #1,+704092,,,
2026-06-21,me,Pittsburgh Pirates,team,Moneyline,-149,,,1,+0.671,14 Pick Parlay (+704092) #1,+704092,,,
2026-06-21,me,Minnesota Twins,team,Moneyline,+113,,,1,+1.130,14 Pick Parlay (+704092) #1,+704092,,,
2026-06-21,me,Los Angeles Angels,team,Moneyline,+113,,,1,+1.130,14 Pick Parlay (+704092) #1,+704092,,,
2026-06-21,me,Baltimore Orioles,team,Moneyline,+193,,,1,+1.930,14 Pick Parlay (+704092) #1,+704092,,,
2026-06-21,me,Boston Red Sox,team,Moneyline,+105,,,0,-1.000,14 Pick Parlay (+704092) #1,+704092,,,
2026-06-21,me,Philadelphia Phillies,team,Moneyline,-187,,,1,+0.535,14 Pick Parlay (+704092) #1,+704092,,,
2026-06-22,me,Total,total,Under 11.5,-105,,,,,SGPx 16 Pick Parlay (+2937506) #1,+2937506,,,
2026-06-22,me,Total,total,Over 9.5,-104,,,,,SGPx 16 Pick Parlay (+2937506) #1,+2937506,,,
2026-06-22,me,Total,total,Under 10,-114,,,,,SGPx 16 Pick Parlay (+2937506) #1,+2937506,,,
2026-06-22,me,Total,total,Under 8.5,-114,,,,,SGPx 16 Pick Parlay (+2937506) #1,+2937506,,,
2026-06-22,me,Total,total,Over 8.5,-120,,,,,SGPx 16 Pick Parlay (+2937506) #1,+2937506,,,
2026-06-22,me,Total,total,Under 7.5,-120,,,,,SGPx 16 Pick Parlay (+2937506) #1,+2937506,,,
2026-06-22,me,Total,total,Over 7.5,-118,,,,,SGPx 16 Pick Parlay (+2937506) #1,+2937506,,,
2026-06-22,me,New York Yankees,team,Moneyline,,,,0,-1.000,2 Pick SGP (+260) #2,+260,,,
2026-06-22,me,Total,total,Under 8.5,,,,,,2 Pick SGP (+260) #2,+260,,,
2026-06-22,me,Total,total,Under 7.5,,,,,,2 Pick SGP (+128) #3,+128,,,
2026-06-22,me,Dylan Cease,prop,6+ Strikeouts Thrown,,,,,,2 Pick SGP (+128) #3,+128,,,
2026-06-22,me,Los Angeles Angels,team,Moneyline,,,,0,-1.000,2 Pick SGP (+360) #4,+360,,,
2026-06-22,me,Total,total,Over 9,,,,,,2 Pick SGP (+360) #4,+360,,,
2026-06-22,me,Total,total,Under 11.5,-105,,,,,15 Pick Parlay (+1193806) #1,+1193806,,,
2026-06-22,me,Total,total,Over 9.5,-104,,,,,15 Pick Parlay (+1193806) #1,+1193806,,,
2026-06-22,me,Total,total,Under 8.5,-114,,,,,15 Pick Parlay (+1193806) #1,+1193806,,,
2026-06-22,me,Total,total,Over 8.5,-120,,,,,15 Pick Parlay (+1193806) #1,+1193806,,,
2026-06-22,me,Total,total,Under 7.5,-118,,,,,15 Pick Parlay (+1193806) #1,+1193806,,,
2026-06-22,me,Total,total,Over 7.5,-118,,,,,15 Pick Parlay (+1193806) #1,+1193806,,,
2026-06-22,me,Total,total,Under 10,-114,,,,,15 Pick Parlay (+1193806) #1,+1193806,,,
2026-06-22,me,New York Yankees,team,Moneyline,,,,0,-1.000,2 Pick SGP (+246) #2,+246,,,
2026-06-22,me,Total,total,Under 8.5,,,,,,2 Pick SGP (+246) #2,+246,,,
2026-06-22,me,Total,total,Under 7,,,,,,2 Pick SGP (+150) #3,+150,,,
2026-06-22,me,Dylan Cease,prop,6+ Strikeouts Thrown,,,,,,2 Pick SGP (+150) #3,+150,,,
2026-06-22,me,Total,total,Under 9.5,-108,,,,,10 Pick Parlay (+87166) #1,+87166,,,
2026-06-22,me,Total,total,Under 12,-116,,,,,10 Pick Parlay (+87166) #1,+87166,,,
2026-06-22,me,Over 6.5 Live Total,other,,-124,,,,,10 Pick Parlay (+87166) #1,+87166,,,
2026-06-22,me,Over 5.5 Live Total,other,,-106,,,,,10 Pick Parlay (+87166) #1,+87166,,,
2026-06-22,me,Over 7.5 Live Total,other,,+101,,,,,10 Pick Parlay (+87166) #1,+87166,,,
2026-06-22,me,Total,total,Over 7.5,+100,,,,,10 Pick Parlay (+87166) #1,+87166,,,
2026-06-22,me,Over 10.5 Live Total,other,,-139,,,,,10 Pick Parlay (+87166) #1,+87166,,,
2026-06-22,me,Los Angeles Angels,team,Moneyline,,,,0,-1.000,2 Pick SGP (+360) #2,+360,,,
2026-06-22,me,Total,total,Over 9,,,,,,2 Pick SGP (+360) #2,+360,,,
2026-06-23,me,San Francisco Giants,team,Moneyline,-142,,,1,+0.704,18 Pick Parlay (+258532) #1,+258532,,,
2026-06-23,me,Chicago Cubs,team,Moneyline,-114,,,1,+0.877,18 Pick Parlay (+258532) #1,+258532,,,
2026-06-23,me,Cleveland Guardians,team,Moneyline,-118,,,0,-1.000,18 Pick Parlay (+258532) #1,+258532,,,
2026-06-23,me,Baltimore Orioles,team,Moneyline,-143,,,0,-1.000,18 Pick Parlay (+258532) #1,+258532,,,
2026-06-23,me,San Diego Padres,team,Moneyline,-105,,,1,+0.952,18 Pick Parlay (+258532) #1,+258532,,,
2026-06-23,me,Pittsburgh Pirates,team,Moneyline,+105,,,0,-1.000,18 Pick Parlay (+258532) #1,+258532,,,
2026-06-23,me,Toronto Blue Jays,team,Moneyline,+108,,,0,-1.000,18 Pick Parlay (+258532) #1,+258532,,,
2026-06-23,me,Casey Mize,prop,4+ Strikeouts Thrown,,,,,,2 Pick SGP (-310) #2,-310,,,
2026-06-23,me,Carlos Rodon,prop,4+ Strikeouts Thrown,,,,,,2 Pick SGP (-310) #2,-310,,,
2026-06-23,me,Sandy Alcantara,prop,5+ Strikeouts Thrown,,,,,,2 Pick SGP (+126) #3,+126,,,
2026-06-23,me,Miami Marlins,team,Moneyline,,,,1,+0.909,2 Pick SGP (+126) #3,+126,,,
2026-06-23,me,Tampa Bay Rays,team,Moneyline,,,,0,-1.000,3 Pick SGP (+142) #4,+142,,,
2026-06-23,me,Shane McClanahan,prop,5+ Strikeouts Thrown,,,,,,3 Pick SGP (+142) #4,+142,,,
2026-06-23,me,Luinder Avila,prop,2+ Strikeouts Thrown,,,,,,3 Pick SGP (+142) #4,+142,,,
2026-06-23,me,Jesus Luzardo,prop,6+ Strikeouts Thrown,,,,,,2 Pick SGP (+124) #5,+124,,,
2026-06-23,me,Philadelphia Phillies,team,Moneyline,,,,1,+0.909,2 Pick SGP (+124) #5,+124,,,
2026-06-23,me,Boston Red Sox,team,Moneyline,,,,1,+0.909,2 Pick SGP (-110) #6,-110,,,
2026-06-23,me,Sonny Gray,prop,4+ Strikeouts Thrown,,,,,,2 Pick SGP (-110) #6,-110,,,
2026-06-23,me,San Francisco Giants,team,Moneyline,-142,,,1,+0.704,18 Pick Parlay (+212428) #1,+212428,,,
2026-06-23,me,Chicago Cubs,team,Moneyline,-114,,,1,+0.877,18 Pick Parlay (+212428) #1,+212428,,,
2026-06-23,me,Cleveland Guardians,team,Moneyline,-118,,,0,-1.000,18 Pick Parlay (+212428) #1,+212428,,,
2026-06-23,me,Baltimore Orioles,team,Moneyline,-143,,,0,-1.000,18 Pick Parlay (+212428) #1,+212428,,,
2026-06-23,me,San Diego Padres,team,Moneyline,-105,,,1,+0.952,18 Pick Parlay (+212428) #1,+212428,,,
2026-06-23,me,Pittsburgh Pirates,team,Moneyline,+105,,,0,-1.000,18 Pick Parlay (+212428) #1,+212428,,,
2026-06-23,me,Houston Astros,team,Moneyline,-141,,,1,+0.709,18 Pick Parlay (+212428) #1,+212428,,,
2026-06-24,me,Total,total,Under 8.5,,,,,,2 Pick SGP (+150) #1,+150,,,
2026-06-24,me,Tanner Bibee,prop,5+ Strikeouts Thrown,,,,,,2 Pick SGP (+150) #1,+150,,,
2026-06-24,me,Total,total,Over 11,,,,,,2 Pick SGP (+148) #2,+148,,,
2026-06-24,me,Ranger Suarez,prop,4+ Strikeouts Thrown,,,,,,2 Pick SGP (+148) #2,+148,,,
2026-06-24,me,Total,total,Over 9.5,,,,,,2 Pick SGP (+212) #3,+212,,,
2026-06-24,me,Jose Soriano,prop,6+ Strikeouts Thrown,,,,,,2 Pick SGP (+212) #3,+212,,,
2026-06-24,me,Total,total,Over 9.5,,,,,,2 Pick SGP (+194) #4,+194,,,
2026-06-24,me,Milwaukee Brewers,team,Moneyline,,,,1,+0.909,2 Pick SGP (+194) #4,+194,,,
2026-06-24,me,Los Angeles Dodgers,team,Moneyline,,,,1,+0.909,2 Pick SGP (+218) #5,+218,,,
2026-06-24,me,Total,total,Under 8,,,,,,2 Pick SGP (+218) #5,+218,,,
2026-06-24,me,Total,total,Over 11,-103,,,,,12 Pick Parlay (+157351) #1,+157351,,,
2026-06-24,me,Total,total,Over 9.5,-112,,,,,12 Pick Parlay (+157351) #1,+157351,,,
2026-06-24,me,Total,total,Over 9,-110,,,,,12 Pick Parlay (+157351) #1,+157351,,,
2026-06-24,me,Total,total,Under 8.5,-112,,,,,12 Pick Parlay (+157351) #1,+157351,,,
2026-06-24,me,Total,total,Under 8,-116,,,,,12 Pick Parlay (+157351) #1,+157351,,,
2026-06-24,me,Athletics,team,Moneyline,-131,,,0,-1.000,12 Pick Parlay (+157351) #1,+157351,,,
2026-06-24,me,Total,total,Over 9.5,,,,,,2 Pick SGP (+194) #2,+194,,,
2026-06-24,me,Milwaukee Brewers,team,Moneyline,,,,1,+0.909,2 Pick SGP (+194) #2,+194,,,
2026-06-24,me,Los Angeles Dodgers,team,Moneyline,,,,1,+0.909,2 Pick SGP (+218) #3,+218,,,
2026-06-24,me,Total,total,Under 8,,,,,,2 Pick SGP (+218) #3,+218,,,
2026-06-24,me,Total,total,Over 9.5,-112,,,,,20 Pick Parlay (+437970) #1,+437970,,,
2026-06-24,me,Chicago Cubs,team,Moneyline,-125,,,1,+0.800,20 Pick Parlay (+437970) #1,+437970,,,
2026-06-24,me,Atlanta Braves,team,Moneyline,-136,,,0,-1.000,20 Pick Parlay (+437970) #1,+437970,,,
2026-06-24,me,Boston Red Sox,team,Moneyline,-171,,,0,-1.000,20 Pick Parlay (+437970) #1,+437970,,,
2026-06-24,me,Athletics,team,Moneyline,-131,,,0,-1.000,20 Pick Parlay (+437970) #1,+437970,,,
2026-06-24,me,Jose Soriano,prop,6+ Strikeouts Thrown,-218,,,,,20 Pick Parlay (+437970) #1,+437970,,,
2026-06-24,me,Bryan Woo,prop,5+ Strikeouts Thrown,-229,,,,,20 Pick Parlay (+437970) #1,+437970,,,
2026-06-24,me,Trey Yesavage,prop,5+ Strikeouts Thrown,-265,,,,,20 Pick Parlay (+437970) #1,+437970,,,
2026-06-24,me,Total,total,Under 7.5,,,,,,2 Pick SGP (+124) #2,+124,,,
2026-06-24,me,Jacob deGrom,prop,6+ Strikeouts Thrown,,,,,,2 Pick SGP (+124) #2,+124,,,
2026-06-24,me,Tarik Skubal,prop,6+ Strikeouts Thrown,,,,,,2 Pick SGP (-310) #3,-310,,,
2026-06-24,me,Ryan Weathers,prop,3+ Strikeouts Thrown,,,,,,2 Pick SGP (-310) #3,-310,,,
2026-06-24,me,Los Angeles Dodgers,team,Moneyline,,,,1,+0.909,4 Pick SGP (+212) #5,+212,,,
2026-06-24,me,Shohei Ohtani,prop,6+ Strikeouts Thrown,,,,,,4 Pick SGP (+212) #5,+212,,,
2026-06-24,me,Shohei Ohtani,prop,1+ Hits,,,,,,4 Pick SGP (+212) #5,+212,,,
2026-06-24,me,Joe Ryan,prop,4+ Strikeouts Thrown,,,,,,4 Pick SGP (+212) #5,+212,,,
2026-06-24,me,Total,total,Over 9,,,,,,2 Pick SGP (+238) #6,+238,,,
2026-06-24,me,St. Louis Cardinals,team,Moneyline,,,,0,-1.000,2 Pick SGP (+238) #6,+238,,,
2026-06-24,me,Total,total,Over 9.5,-112,,,,,18 Pick Parlay (+172770) #1,+172770,,,
2026-06-24,me,Chicago Cubs,team,Moneyline,-125,,,1,+0.800,18 Pick Parlay (+172770) #1,+172770,,,
2026-06-24,me,Milwaukee Brewers,team,Moneyline,-148,,,1,+0.676,18 Pick Parlay (+172770) #1,+172770,,,
2026-06-24,me,Atlanta Braves,team,Moneyline,-136,,,0,-1.000,18 Pick Parlay (+172770) #1,+172770,,,
2026-06-24,me,Boston Red Sox,team,Moneyline,-171,,,0,-1.000,18 Pick Parlay (+172770) #1,+172770,,,
2026-06-24,me,Athletics,team,Moneyline,-131,,,0,-1.000,18 Pick Parlay (+172770) #1,+172770,,,
2026-06-24,me,Jose Soriano,prop,6+ Strikeouts Thrown,-243,,,,,18 Pick Parlay (+172770) #1,+172770,,,
2026-06-24,me,Bryan Woo,prop,5+ Strikeouts Thrown,-228,,,,,18 Pick Parlay (+172770) #1,+172770,,,
2026-06-24,me,Total,total,Under 7.5,,,,,,2 Pick SGP (+126) #2,+126,,,
2026-06-24,me,Jacob deGrom,prop,6+ Strikeouts Thrown,,,,,,2 Pick SGP (+126) #2,+126,,,
2026-06-24,me,Trey Yesavage,prop,5+ Strikeouts Thrown,,,,,,2 Pick SGP (+234) #4,+234,,,
2026-06-24,me,Houston Astros,team,Moneyline,,,,1,+0.909,2 Pick SGP (+234) #4,+234,,,
2026-06-24,me,Los Angeles Dodgers,team,Moneyline,,,,1,+0.909,4 Pick SGP (+208) #5,+208,,,
2026-06-24,me,Shohei Ohtani,prop,6+ Strikeouts Thrown,,,,,,4 Pick SGP (+208) #5,+208,,,
2026-06-24,me,Shohei Ohtani,prop,1+ Hits,,,,,,4 Pick SGP (+208) #5,+208,,,
2026-06-24,me,Joe Ryan,prop,4+ Strikeouts Thrown,,,,,,4 Pick SGP (+208) #5,+208,,,
2026-06-24,me,Total,total,Over 9.5,-112,,,,,18 Pick Parlay (+111938) #1,+111938,,,
2026-06-24,me,Chicago Cubs,team,Moneyline,-126,,,1,+0.794,18 Pick Parlay (+111938) #1,+111938,,,
2026-06-24,me,Milwaukee Brewers,team,Moneyline,-148,,,1,+0.676,18 Pick Parlay (+111938) #1,+111938,,,
2026-06-24,me,Atlanta Braves,team,Moneyline,-136,,,0,-1.000,18 Pick Parlay (+111938) #1,+111938,,,
2026-06-24,me,Boston Red Sox,team,Moneyline,-175,,,0,-1.000,18 Pick Parlay (+111938) #1,+111938,,,
2026-06-24,me,Athletics,team,Moneyline,-131,,,0,-1.000,18 Pick Parlay (+111938) #1,+111938,,,
2026-06-24,me,Jose Soriano,prop,6+ Strikeouts Thrown,-243,,,,,18 Pick Parlay (+111938) #1,+111938,,,
2026-06-24,me,Bryan Woo,prop,5+ Strikeouts Thrown,-230,,,,,18 Pick Parlay (+111938) #1,+111938,,,
2026-06-24,me,Total,total,Under 7.5,,,,,,2 Pick SGP (+128) #2,+128,,,
2026-06-24,me,Jacob deGrom,prop,6+ Strikeouts Thrown,,,,,,2 Pick SGP (+128) #2,+128,,,
2026-06-24,me,Tarik Skubal,prop,6+ Strikeouts Thrown,,,,,,2 Pick SGP (-275) #3,-275,,,
2026-06-24,me,Ryan Weathers,prop,3+ Strikeouts Thrown,,,,,,2 Pick SGP (-275) #3,-275,,,
2026-06-24,me,Toronto Blue Jays,team,Moneyline,,,,0,-1.000,2 Pick SGP (+102) #4,+102,,,
2026-06-24,me,Trey Yesavage,prop,5+ Strikeouts Thrown,,,,,,2 Pick SGP (+102) #4,+102,,,
2026-06-24,me,Los Angeles Dodgers,team,Moneyline,,,,1,+0.909,4 Pick SGP (+222) #5,+222,,,
2026-06-24,me,Shohei Ohtani,prop,6+ Strikeouts Thrown,,,,,,4 Pick SGP (+222) #5,+222,,,
2026-06-24,me,Shohei Ohtani,prop,1+ Hits,,,,,,4 Pick SGP (+222) #5,+222,,,
2026-06-24,me,Joe Ryan,prop,4+ Strikeouts Thrown,,,,,,4 Pick SGP (+222) #5,+222,,,
2026-06-24,me,Total,total,Over 9.5,-112,,,,,18 Pick Parlay (+145521) #1,+145521,,,
2026-06-24,me,Chicago Cubs,team,Moneyline,-126,,,1,+0.794,18 Pick Parlay (+145521) #1,+145521,,,
2026-06-24,me,Milwaukee Brewers,team,Moneyline,-148,,,1,+0.676,18 Pick Parlay (+145521) #1,+145521,,,
2026-06-24,me,Atlanta Braves,team,Moneyline,-136,,,0,-1.000,18 Pick Parlay (+145521) #1,+145521,,,
2026-06-24,me,Boston Red Sox,team,Moneyline,-175,,,0,-1.000,18 Pick Parlay (+145521) #1,+145521,,,
2026-06-24,me,Athletics,team,Moneyline,-131,,,0,-1.000,18 Pick Parlay (+145521) #1,+145521,,,
2026-06-24,me,Jose Soriano,prop,6+ Strikeouts Thrown,-243,,,,,18 Pick Parlay (+145521) #1,+145521,,,
2026-06-24,me,Bryan Woo,prop,5+ Strikeouts Thrown,-230,,,,,18 Pick Parlay (+145521) #1,+145521,,,
2026-06-24,me,Boston Red Sox,team,Moneyline,-175,,,0,-1.000,10 Pick Parlay (+25908) #1,+25908,,,
2026-06-24,me,Los Angeles Angels,team,Moneyline,-125,,,1,+0.800,10 Pick Parlay (+25908) #1,+25908,,,
2026-06-24,me,Kansas City Royals,team,Moneyline,+123,,,0,-1.000,10 Pick Parlay (+25908) #1,+25908,,,
2026-06-24,me,Detroit Tigers,team,Moneyline,-143,,,0,-1.000,10 Pick Parlay (+25908) #1,+25908,,,
2026-06-24,me,Toronto Blue Jays,team,Moneyline,-163,,,0,-1.000,10 Pick Parlay (+25908) #1,+25908,,,
2026-06-24,me,Pittsburgh Pirates,team,Moneyline,-118,,,1,+0.847,10 Pick Parlay (+25908) #1,+25908,,,
2026-06-24,me,Milwaukee Brewers,team,Moneyline,-143,,,1,+0.699,10 Pick Parlay (+25908) #1,+25908,,,
2026-06-24,me,Los Angeles Dodgers,team,Moneyline,-185,,,1,+0.541,10 Pick Parlay (+25908) #1,+25908,,,
2026-06-24,me,Atlanta Braves,team,Moneyline,-131,,,0,-1.000,10 Pick Parlay (+25908) #1,+25908,,,
2026-06-24,me,Athletics,team,Moneyline,-131,,,0,-1.000,10 Pick Parlay (+25908) #1,+25908,,,
2026-06-25,me,Bryce Miller,prop,5+ Strikeouts Thrown,,,,,,2 Pick SGP (+126) #1,+126,,,
2026-06-25,me,Seattle Mariners,team,Moneyline,,,,0,-1.000,2 Pick SGP (+126) #1,+126,,,
2026-06-25,me,Detroit Tigers,team,Moneyline,,,,0,-1.000,2 Pick SGP (+218) #2,+218,,,
2026-06-25,me,Total,total,Under 9,,,,,,2 Pick SGP (+218) #2,+218,,,
2026-06-25,me,Cristopher Sanchez,prop,5+ Strikeouts Thrown,,,,,,2 Pick SGP (+134) #3,+134,,,
2026-06-25,me,Total,total,Over 8.5,,,,,,2 Pick SGP (+134) #3,+134,,,
2026-06-25,me,New York Yankees,team,Moneyline,,,,0,-1.000,2 Pick SGP (+188) #4,+188,,,
2026-06-25,me,Total,total,Over 8,,,,,,2 Pick SGP (+188) #4,+188,,,
2026-06-26,me,Zack Wheeler,prop,7+ Strikeouts Thrown,-112,,,,,14 Pick Parlay (+203830) #1,+203830,,,
2026-06-26,me,Total,total,Over 9,-121,,,,,14 Pick Parlay (+203830) #1,+203830,,,
2026-06-26,me,Total,total,Over 8.5,-115,,,,,14 Pick Parlay (+203830) #1,+203830,,,
2026-06-26,me,Total,total,Over 8,-111,,,,,14 Pick Parlay (+203830) #1,+203830,,,
2026-06-26,me,Total,total,Over 7.5,-110,,,,,14 Pick Parlay (+203830) #1,+203830,,,
2026-06-26,me,Paul Skenes,prop,7+ Strikeouts Thrown,,,,,,2 Pick SGP (+152) #2,+152,,,
2026-06-26,me,Total,total,Over 7.5,,,,,,2 Pick SGP (+152) #2,+152,,,
2026-06-26,me,Washington Nationals,team,Run Line +1.5,,,,0,-1.000,2 Pick SGP (+204) #3,+204,,,
2026-06-26,me,Total,total,Over 9,,,,,,2 Pick SGP (+204) #3,+204,,,
2026-06-26,me,Zac Gallen,prop,3+ Strikeouts Thrown,,,,,,3 Pick SGP (+385) #4,+385,,,
2026-06-26,me,Total,total,Over 8.5,,,,,,3 Pick SGP (+385) #4,+385,,,
2026-06-26,me,Tampa Bay Rays,team,Moneyline,,,,1,+0.909,3 Pick SGP (+385) #4,+385,,,
2026-06-26,me,Milwaukee Brewers,team,Moneyline,,,,1,+0.909,2 Pick SGP (+134) #5,+134,,,
2026-06-26,me,Total,total,Over 7,,,,,,2 Pick SGP (+134) #5,+134,,,
2026-06-26,me,Total,total,Over 7,-124,,,,,8 Pick Parlay (+13610) #1,+13610,,,
2026-06-26,me,Los Angeles Angels,team,Moneyline,+108,,,0,-1.000,8 Pick Parlay (+13610) #1,+13610,,,
2026-06-26,me,New York Yankees,team,Moneyline,-115,,,0,-1.000,8 Pick Parlay (+13610) #1,+13610,,,
2026-06-26,me,Miami Marlins,team,Moneyline,-105,,,1,+0.952,8 Pick Parlay (+13610) #1,+13610,,,
2026-06-26,me,Total,total,Over 7.5,-114,,,,,8 Pick Parlay (+13610) #1,+13610,,,
2026-06-26,me,Total,total,Over 8.5,-116,,,,,8 Pick Parlay (+13610) #1,+13610,,,
2026-06-26,me,Minnesota Twins,team,Moneyline,,,,1,+0.909,2 Pick SGP (+186) #2,+186,,,
2026-06-26,me,Total,total,Over 9,,,,,,2 Pick SGP (+186) #2,+186,,,
2026-06-26,me,Philadelphia Phillies,team,Moneyline,-163,,,1,+0.613,13 Pick Parlay (+56083) #1,+56083,,,
2026-06-26,me,Total,total,Over 8.5,-118,,,,,13 Pick Parlay (+56083) #1,+56083,,,
2026-06-26,me,Roki Sasaki,prop,4+ Strikeouts Thrown,-597,,,,,13 Pick Parlay (+56083) #1,+56083,,,
2026-06-26,me,Total,total,Over 7.5,,,,,,2 Pick SGP (+148) #2,+148,,,
2026-06-26,me,Paul Skenes,prop,7+ Strikeouts Thrown,,,,,,2 Pick SGP (+148) #2,+148,,,
2026-06-26,me,Washington Nationals,team,Run Line +1.5,,,,0,-1.000,2 Pick SGP (+210) #3,+210,,,
2026-06-26,me,Total,total,Over 9,,,,,,2 Pick SGP (+210) #3,+210,,,
2026-06-26,me,Total,total,Over 8.5,,,,,,2 Pick SGP (+148) #4,+148,,,
2026-06-26,me,Zac Gallen,prop,3+ Strikeouts Thrown,,,,,,2 Pick SGP (+148) #4,+148,,,
2026-06-26,me,Milwaukee Brewers,team,Moneyline,,,,1,+0.909,2 Pick SGP (+152) #5,+152,,,
2026-06-26,me,Total,total,Over 7.5,,,,,,2 Pick SGP (+152) #5,+152,,,
2026-06-26,me,Miami Marlins,team,Moneyline,,,,1,+0.909,2 Pick SGP (+236) #6,+236,,,
2026-06-26,me,Total,total,Over 8,,,,,,2 Pick SGP (+236) #6,+236,,,
2026-06-26,me,Zack Wheeler,prop,7+ Strikeouts Thrown,-127,,,,,14 Pick Parlay (+275316) #1,+275316,,,
2026-06-26,me,Total,total,Over 9,-120,,,,,14 Pick Parlay (+275316) #1,+275316,,,
2026-06-26,me,Total,total,Over 8.5,-118,,,,,14 Pick Parlay (+275316) #1,+275316,,,
2026-06-26,me,Total,total,Over 8,-114,,,,,14 Pick Parlay (+275316) #1,+275316,,,
2026-06-26,me,Houston Astros,team,Moneyline,+101,,,0,-1.000,14 Pick Parlay (+275316) #1,+275316,,,
2026-06-26,me,Total,total,Over 7.5,-113,,,,,14 Pick Parlay (+275316) #1,+275316,,,
2026-06-26,me,Zac Gallen,prop,3+ Strikeouts Thrown,,,,,,2 Pick SGP (+154) #4,+154,,,
2026-06-26,me,Total,total,Over 8.5,,,,,,2 Pick SGP (+154) #4,+154,,,
2026-06-28,me,Baltimore Orioles,team,Moneyline,-199,,,0,-1.000,15 Pick Parlay (+319564) #1,+319564,,,
2026-06-28,me,Pittsburgh Pirates,team,Moneyline,-136,,,1,+0.735,15 Pick Parlay (+319564) #1,+319564,,,
2026-06-28,me,Toronto Blue Jays,team,Moneyline,-131,,,0,-1.000,15 Pick Parlay (+319564) #1,+319564,,,
2026-06-28,me,Houston Astros,team,Moneyline,-131,,,1,+0.763,15 Pick Parlay (+319564) #1,+319564,,,
2026-06-28,me,Tampa Bay Rays,team,Moneyline,-193,,,1,+0.518,15 Pick Parlay (+319564) #1,+319564,,,
2026-06-28,me,Philadelphia Phillies,team,Moneyline,-149,,,1,+0.671,15 Pick Parlay (+319564) #1,+319564,,,
2026-06-28,me,Chicago White Sox,team,Moneyline,-137,,,0,-1.000,15 Pick Parlay (+319564) #1,+319564,,,
2026-06-28,me,Minnesota Twins,team,Moneyline,-156,,,1,+0.641,15 Pick Parlay (+319564) #1,+319564,,,
2026-06-28,me,Cleveland Guardians,team,Moneyline,-114,,,1,+0.877,15 Pick Parlay (+319564) #1,+319564,,,
2026-06-28,me,Milwaukee Brewers,team,Moneyline,-219,,,0,-1.000,15 Pick Parlay (+319564) #1,+319564,,,
2026-06-28,me,St. Louis Cardinals,team,Moneyline,-131,,,1,+0.763,15 Pick Parlay (+319564) #1,+319564,,,
2026-06-28,me,Athletics,team,Moneyline,-120,,,0,-1.000,15 Pick Parlay (+319564) #1,+319564,,,
2026-06-28,me,Atlanta Braves,team,Moneyline,-162,,,0,-1.000,15 Pick Parlay (+319564) #1,+319564,,,
2026-06-28,me,Los Angeles Dodgers,team,Moneyline,-149,,,1,+0.671,15 Pick Parlay (+319564) #1,+319564,,,
2026-06-28,me,Boston Red Sox,team,Moneyline,-120,,,1,+0.833,15 Pick Parlay (+319564) #1,+319564,,,
2026-06-28,me,Philadelphia Phillies,team,Moneyline,-149,,,1,+0.671,20 Pick Parlay (+2332482) #1,+2332482,,,
2026-06-28,me,Chicago White Sox,team,Moneyline,-137,,,0,-1.000,20 Pick Parlay (+2332482) #1,+2332482,,,
2026-06-28,me,Minnesota Twins,team,Moneyline,-156,,,1,+0.641,20 Pick Parlay (+2332482) #1,+2332482,,,
2026-06-28,me,Cleveland Guardians,team,Moneyline,-114,,,1,+0.877,20 Pick Parlay (+2332482) #1,+2332482,,,
2026-06-28,me,Milwaukee Brewers,team,Moneyline,-219,,,0,-1.000,20 Pick Parlay (+2332482) #1,+2332482,,,
2026-06-28,me,St. Louis Cardinals,team,Moneyline,-131,,,1,+0.763,20 Pick Parlay (+2332482) #1,+2332482,,,
2026-06-28,me,Athletics,team,Moneyline,-120,,,0,-1.000,20 Pick Parlay (+2332482) #1,+2332482,,,
2026-06-28,me,Atlanta Braves,team,Moneyline,-162,,,0,-1.000,20 Pick Parlay (+2332482) #1,+2332482,,,
2026-06-28,me,Los Angeles Dodgers,team,Moneyline,-149,,,1,+0.671,20 Pick Parlay (+2332482) #1,+2332482,,,
2026-06-28,me,Boston Red Sox,team,Moneyline,-120,,,1,+0.833,20 Pick Parlay (+2332482) #1,+2332482,,,
2026-06-28,me,Total,total,Over 7.5,-114,,,,,20 Pick Parlay (+2332482) #1,+2332482,,,
2026-06-28,me,Kyle Bradish,prop,6+ Strikeouts Thrown,,,,,,3 Pick SGP (+375) #2,+375,,,
2026-06-28,me,Total,total,Over 9,,,,,,3 Pick SGP (+375) #2,+375,,,
2026-06-28,me,Baltimore Orioles,team,Moneyline,,,,0,-1.000,3 Pick SGP (+375) #2,+375,,,
2026-06-28,me,Mitch Keller,prop,4+ Strikeouts Thrown,,,,,,2 Pick SGP (+132) #3,+132,,,
2026-06-28,me,Total,total,Over 8.5,,,,,,2 Pick SGP (+132) #3,+132,,,
2026-06-28,me,Toronto Blue Jays,team,Moneyline,,,,0,-1.000,2 Pick SGP (+138) #4,+138,,,
2026-06-28,me,Shane Bieber,prop,5+ Strikeouts Thrown,,,,,,2 Pick SGP (+138) #4,+138,,,
2026-06-28,me,Houston Astros,team,Moneyline,,,,1,+0.909,2 Pick SGP (+128) #5,+128,,,
2026-06-28,me,Hunter Brown,prop,6+ Strikeouts Thrown,,,,,,2 Pick SGP (+128) #5,+128,,,
2026-06-28,auto,WSH@BAL,total,Under 11.5,-116,,,1,+0.862,,,
2026-06-28,auto,CIN@PIT,total,Under 10.5,-126,,,0,-1.000,,,
2026-06-28,auto,TEX@TOR,total,Over 7.5,+116,,,0,-1.000,,,
2026-06-28,auto,HOU@DET,total,Over 7.5,+116,,,1,+1.160,,,
2026-06-28,auto,SEA@CLE,total,Under 8.5,+104,,,0,-1.000,,,
2026-06-28,auto,ARI@TBR,total,Over 8.5,+100,,,0,-1.000,,,
2026-06-28,auto,PHI@NYM,total,Under 8.5,-109,,,0,-1.000,,,
2026-06-28,auto,COL@MIN,total,Over 9.5,+100,,,0,-1.000,,,
2026-06-28,auto,KCR@CHW,total,Under 10.5,-115,,,1,+0.870,,,
2026-06-28,auto,CHC@MIL,total,Over 6.5,-122,,,1,+0.820,,,
2026-06-28,auto,ATL@SFG,total,Under 7.5,-105,,,1,+0.952,,,
2026-06-28,auto,WSH@BAL,total,Over 9.5,-114,,,1,+0.877,,,
2026-06-28,auto,CIN@PIT,total,Under 11.5,-137,,,0,-1.000,,,
2026-06-28,auto,PHI@NYM,total,Under 9.5,-101,,,1,+0.990,,,
2026-06-28,auto,COL@MIN,total,Over 8.5,+109,,,0,-1.000,,,
2026-06-28,auto,MIA@STL,total,Over 6.5,-131,,,0,-1.000,,,
2026-06-28,auto,OAK@LAA,total,Over 7.5,-105,,,0,-1.000,,,
2026-06-29,auto,PIT@PHI,total,Over 8.5,-108,,,1,+0.926,,,
2026-06-29,auto,NYM@TOR,total,Under 8.5,-110,,,1,+0.909,,,
2026-06-29,auto,TEX@CLE,total,Under 7.5,-105,,,0,-1.000,,,
2026-06-29,auto,SDP@CHC,total,Under 11.5,-105,,,1,+0.952,,,
2026-06-29,auto,MIN@HOU,total,Over 9.0,-103,,,P,+0.000,,,
2026-06-29,auto,LAD@OAK,total,Under 10.5,-108,,,0,-1.000,,,
2026-06-29,auto,NYM@TOR,total,Under 9.0,-120,,,1,+0.833,,,
2026-06-29,auto,WSH@BOS,total,Over 8.5,-110,,,1,+0.909,,,
2026-06-29,auto,MIA@COL,total,Under 11.5,-107,,,0,-1.000,,,
2026-06-29,auto,LAA@SEA,total,Over 7.5,-119,,,1,+0.840,,,
2026-06-29,auto,SFG@ARI,total,Under 9.0,-114,,,P,+0.000,,,
2026-06-29,auto,CHW@BAL,total,Under 10.5,-112,,,1,+0.893,,,
2026-06-29,auto,WSH@BOS,total,Over 9.5,-105,,,0,-1.000,,,
2026-06-29,auto,CIN@MIL,total,Over 8.5,-122,,,0,-1.000,,,
2026-06-29,auto,MIN@HOU,total,Over 8.5,-102,,,1,+0.980,,,
2026-06-29,auto,NYM@TOR,total,Over 7.5,-105,,,0,-1.000,,,
2026-06-29,auto,SDP@CHC,total,Over 11.5,+100,,,0,-1.000,,,
2026-06-30,auto,PIT@PHI,total,Over 8.5,+100,,,0,-1.000,,,
2026-06-30,auto,DET@NYY,total,Under 7.5,+101,,,0,-1.000,,,
2026-06-30,auto,NYM@TOR,total,Under 7.5,+107,,,1,+1.070,,,
2026-06-30,auto,STL@ATL,total,Under 9.5,-110,,,1,+0.909,,,
2026-06-30,auto,SDP@CHC,total,Over 11.5,+101,,,1,+1.010,,,
2026-06-30,auto,MIN@HOU,total,Over 8.5,+103,,,1,+1.030,,,
2026-06-30,auto,MIA@COL,total,Over 11.5,+100,,,1,+1.000,,,
2026-06-30,auto,LAA@SEA,total,Under 7.5,-114,,,0,-1.000,,,
2026-06-30,auto,CIN@MIL,total,Under 8.5,+100,,,0,-1.000,,,
2026-06-30,auto,NYM@TOR,total,Under 8.0,+107,,,1,+1.070,,,
2026-06-30,auto,Chicago White Sox,team,Moneyline,+123,,,1,+1.230,,,
2026-06-30,auto,Texas Rangers,team,Moneyline,-115,,,1,+0.870,,,
2026-06-30,auto,Pittsburgh Pirates,team,Moneyline,+212,,,0,-1.000,,,
2026-06-30,auto,Toronto Blue Jays,team,Moneyline,-113,,,0,-1.000,,,
2026-06-30,auto,Cincinnati Reds,team,Moneyline,+150,,,0,-1.000,,,
2026-06-30,auto,Minnesota Twins,team,Moneyline,-109,,,0,-1.000,,,
2026-06-30,auto,Colorado Rockies,team,Moneyline,+135,,,0,-1.000,,,
2026-06-30,auto,Los Angeles Angels,team,Moneyline,+158,,,0,-1.000,,,
2026-06-30,auto,TEX@CLE,total,Over 7.5,-104,,,0,-1.000,,,
2026-06-30,auto,CIN@MIL,total,Over 9.0,+100,,,P,+0.000,,,
2026-06-30,auto,Houston Astros,team,Moneyline,+101,,,1,+1.010,,,
2026-06-30,auto,DET@NYY,total,Under 7.0,+103,,,0,-1.000,,,
2026-06-30,auto,TEX@CLE,total,Over 8.5,+107,,,0,-1.000,,,
2026-06-30,auto,NYM@TOR,total,Under 9.0,-120,,,1,+0.833,,,
2026-06-30,auto,STL@ATL,total,Under 9.0,-112,,,1,+0.893,,,
2026-06-30,auto,CIN@MIL,total,Over 8.5,-113,,,1,+0.885,,,
2026-06-30,auto,Detroit Tigers,team,Moneyline,+127,,,1,+1.270,,,
2026-06-30,auto,Washington Nationals,team,Moneyline,+131,,,1,+1.310,,,
2026-06-30,auto,Chicago Cubs,team,Moneyline,-122,,,1,+0.820,,,
2026-07-01,auto,NYM@TOR,total,Under 8.5,+100,,,0,-1.000,,,
2026-07-01,auto,PIT@PHI,total,Over 8.5,+102,,,1,+1.020,,,
2026-07-01,auto,STL@ATL,total,Over 9.0,+106,,,0,-1.000,,,
2026-07-01,auto,MIN@HOU,total,Over 8.5,-105,,,1,+0.952,,,
2026-07-01,auto,Chicago White Sox,team,Moneyline,+120,,,0,-1.000,,,
2026-07-01,auto,Texas Rangers,team,Moneyline,-104,,,0,-1.000,,,
2026-07-01,auto,Washington Nationals,team,Moneyline,+125,,,1,+1.250,,,
2026-07-01,auto,Detroit Tigers,team,Moneyline,+121,,,1,+1.210,,,
2026-07-01,auto,Chicago Cubs,team,Moneyline,-119,,,1,+0.840,,,
2026-07-01,auto,Philadelphia Phillies,team,Moneyline,-130,,,1,+0.769,,,
2026-07-01,auto,St. Louis Cardinals,team,Moneyline,+118,,,0,-1.000,,,
2026-07-01,auto,Minnesota Twins,team,Moneyline,+115,,,1,+1.150,,,
2026-07-01,auto,Los Angeles Dodgers,team,Moneyline,-164,,,0,-1.000,,,
2026-07-01,auto,Arizona Diamondbacks,team,Moneyline,-116,,,0,-1.000,,,
2026-07-01,auto,PIT@PHI,total,Over 8.0,-105,,,1,+0.952,,,
2026-07-01,auto,Toronto Blue Jays,team,Moneyline,+101,,,1,+1.010,,,
2026-07-01,auto,STL@ATL,total,Under 9.0,-102,,,1,+0.980,,,
2026-07-01,auto,Pittsburgh Pirates,team,Moneyline,+120,,,0,-1.000,,,
2026-07-01,auto,NYM@TOR,total,Over 8.5,+100,,,1,+1.000,,,
2026-07-01,auto,MIN@HOU,total,Under 8.5,+109,,,0,-1.000,,,
2026-07-01,auto,Tampa Bay Rays,team,Moneyline,-127,,,1,+0.787,,,
2026-07-01,auto,Miami Marlins,team,Moneyline,-154,,,0,-1.000,,,
2026-07-01,auto,Milwaukee Brewers,team,Moneyline,-155,,,1,+0.645,,,
2026-07-01,auto,CHW@BAL,total,Over 7.5,+1280,,,0,-1.000,,,
2026-07-01,auto,CIN@MIL,total,Under 7.0,+107,,,1,+1.070,,,
2026-07-01,auto,Boston Red Sox,team,Moneyline,+1100,,,0,-1.000,,,
2026-07-01,auto,New York Yankees,team,Moneyline,+400,,,0,-1.000,,,
2026-07-01,auto,San Diego Padres,team,Moneyline,+1200,,,0,-1.000,,,
2026-07-01,auto,New York Mets,team,Moneyline,+103,,,0,-1.000,,,
2026-07-01,auto,CIN@MIL,total,Over 7.0,+100,,,0,-1.000,,,
2026-07-01,auto,NYM@TOR,total,Over 6.5,+115,,,1,+1.150,,,
2026-07-01,auto,DET@NYY,total,Over 8.5,+600,,,0,-1.000,,,
2026-07-01,auto,NYM@TOR,total,Over 7.5,+100,,,1,+1.000,,,
2026-07-02,auto,CIN@MIL,total,Over 6.5,+103,,,1,+1.030,,,,,,6.5,8.64
2026-07-02,auto,MIA@COL,total,Under 12.0,-105,,,0,-1.000,,,,,,12.0,8.63
2026-07-02,auto,STL@ATL,total,Over 9.0,-102,,,1,+0.980,,,,,,9.0,6.49
2026-07-02,auto,TBR@KCR,total,Under 10.5,-109,,,1,+0.917,,,,,,10.5,8.98
2026-07-02,auto,DET@TEX,total,Over 7.5,-110,,,1,+0.909,,,,,,7.5,8.54
2026-07-02,auto,LAA@SEA,total,Under 7.5,-107,,,1,+0.935,,,,,,7.5,7.51
2026-07-02,auto,SDP@LAD,total,Under 8.5,+100,,,0,-1.000,,,,,,8.5,15.63
2026-07-02,auto,Chicago White Sox,team,Moneyline,-115,,,0,-1.000,,,,,,,13.33
2026-07-02,auto,Atlanta Braves,team,Moneyline,-105,,,0,-1.000,,,,,,,5.56
2026-07-02,auto,Tampa Bay Rays,team,Moneyline,-118,,,1,+0.847,,,,,,,10.68
2026-07-02,auto,Detroit Tigers,team,Moneyline,+116,,,0,-1.000,,,,,,,5.44
2026-07-02,auto,Los Angeles Angels,team,Moneyline,+184,,,0,-1.000,,,,,,,13.22
2026-07-02,auto,SDP@LAD,total,Over 8.5,-103,,,1,+0.971,,,,,,8.5,17.75
2026-07-02,auto,Miami Marlins,team,Moneyline,-118,,,0,-1.000,,,,,,,5.75
2026-07-02,auto,PIT@PHI,total,Over 10.5,-104,,,0,-1.000,,,,,,10.5,13.34
2026-07-02,auto,CHW@CLE,total,Under 8.5,+100,,,0,-1.000,,,,,,8.5,6.01
2026-07-02,auto,LAA@SEA,total,Over 7.5,+107,,,0,-1.000,,,
2026-07-02,auto,STL@ATL,total,Over 8.5,-109,,,1,+0.917,,,
2026-07-02,auto,PIT@PHI,total,Over 7.5,+110,,,0,-1.000,,,
2026-07-02,auto,CIN@MIL,total,Under 9.5,-112,,,1,+0.893,,,
2026-07-02,auto,SDP@LAD,total,Over 8.0,-107,,,1,+0.935,,,
2026-07-02,auto,Philadelphia Phillies,team,Moneyline,+1200,,,0,-1.000,,,
2026-07-02,auto,Milwaukee Brewers,team,Moneyline,+900,,,0,-1.000,,,
2026-07-02,auto,Colorado Rockies,team,Moneyline,+210,,,1,+2.100,,,
2026-07-02,auto,St. Louis Cardinals,team,Moneyline,+100,,,1,+1.000,,,
2026-07-02,auto,CIN@MIL,total,Under 8.5,+108,,,0,-1.000,,,
2026-07-02,auto,PIT@PHI,total,Over 6.5,+100,,,1,+1.000,,,
2026-07-03,auto,PIT@WSH,total,Over 9.5,-105,,,,,,,
2026-07-03,auto,MIN@NYY,total,Under 9.5,+101,,,,,,,
2026-07-03,auto,CHW@CLE,total,Over 8.5,+101,,,,,,,
2026-07-03,auto,NYM@ATL,total,Under 9.5,+100,,,,,,,
2026-07-03,auto,TBR@HOU,total,Over 8.5,-102,,,,,,,
2026-07-03,auto,BOS@LAA,total,Under 8.5,-109,,,,,,,
2026-07-03,auto,MIL@ARI,total,Over 8.5,-118,,,,,,,
2026-07-03,auto,TOR@SEA,total,Under 7.5,+100,,,,,,,
2026-07-03,auto,Chicago Cubs,team,Moneyline,-125,,,,,,,
2026-07-03,auto,Minnesota Twins,team,Moneyline,+161,,,,,,,
2026-07-03,auto,Baltimore Orioles,team,Moneyline,-119,,,,,,,
2026-07-03,auto,Chicago White Sox,team,Moneyline,+123,,,,,,,
2026-07-03,auto,New York Mets,team,Moneyline,+102,,,,,,,
2026-07-03,auto,Colorado Rockies,team,Moneyline,+136,,,,,,,
2026-07-03,auto,Tampa Bay Rays,team,Moneyline,-105,,,,,,,
2026-07-03,auto,Boston Red Sox,team,Moneyline,+106,,,,,,,
2026-07-03,auto,BAL@CIN,total,Under 10.0,-105,,,,,,,
2026-07-03,auto,CHW@CLE,total,Over 8.0,+108,,,,,,,
2026-07-03,auto,BOS@LAA,total,Under 8.0,+100,,,,,,,
2026-07-03,auto,MIL@ARI,total,Under 8.5,+103,,,,,,,
2026-07-03,auto,Miami Marlins,team,Moneyline,+109,,,,,,,
2026-07-03,auto,BOS@LAA,total,Under 7.5,+100,,,,,,,
2026-07-03,auto,MIL@ARI,total,Over 9.0,+100,,,,,,,
2026-07-03,auto,SFG@COL,total,Under 11.0,+100,,,,,,,
2026-07-03,auto,BAL@CIN,total,Under 10.5,+105,,,,,,,
2026-07-03,auto,NYM@ATL,total,Over 9.5,+107,,,,,,,
2026-07-03,auto,TBR@HOU,total,Under 8.5,+105,,,,,,,
2026-07-03,auto,SFG@COL,total,Under 11.5,-106,,,,,,,
2026-07-03,auto,STL@CHC,total,Over 8.5,-105,,,,,,,
2026-07-03,auto,Washington Nationals,team,Moneyline,142,,,,,,,
2026-07-03,auto,BAL@CIN,total,Under 9.5,-101,,,,,,,
2026-07-03,auto,NYM@ATL,total,Under 8.0,102,,,,,,,
2026-07-03,auto,TBR@HOU,total,Over 7.5,100,,,,,,,
2026-07-03,auto,Los Angeles Angels,team,Moneyline,141,,,,,,,
2026-07-03,auto,MIA@OAK,total,Over 11.0,102,,,,,,,
2026-07-03,auto,Athletics,team,Moneyline,102,,,,,,,
2026-07-03,auto,San Diego Padres,team,Moneyline,231,,,,,,,
2026-07-03,auto,Toronto Blue Jays,team,Moneyline,136,,,,,,,
2026-07-03,auto,SDP@LAD,total,Under 8.5,-104,,,,,,,
